S7TGR0	3.30.450.20,3.30.450.20,3.30.450.20,3.30.70.270	22	4	S7TGR0,A0A024Q9X2,A0A081C2S1,A0A081FYN0,A0A094LAP2,A0A0D0EJJ2,A0A0Q7AIY1,A0A0S8EHA3,A0A139CFF7,A0A1G5UZ69,A0A1I1QJM6,A0A1M2UWS7,A0A1X7I068,A0A1Y3QA31,A0A271M8F0,A0A2D0B4P4,A0A2E8Q2H2,A0A2G3K7G5,A0A2G6FBB3,A0A2H5YWU5
R9KI14	3.40.50.1390,3.90.1750.20,-.-.-.-,1.10.287.3550	50	4	R9KI14,A0A017RRS3,A0A069DGY7,A0A075JW35,A0A075UWB7,A0A0B8PNY6,A0A0G0UIN9,A0A0G1CCQ7,A0A0L0WAH0,A0A0M6WHU0,A0A0P8VSS5,A0A0Q7K6I7,A0A0U4FA68,A0A101E883,A0A101XTE0,A0A160P9U0,A0A1A7BGY6,A0A1C4K6H8,A0A1C6GEY5,A0A1C6GV39
M5RUD2	2.60.40.10,2.60.40.10,2.60.40.680,2.60.40.1510	120	4	M5RUD2,A0A098E745,A0A0B5KUN8,A0A0C7P067,A0A0G0AU74,A0A0G0BQ12,A0A0G0D836,A0A0G0DKC8,A0A0G0G8H5,A0A0G0IX31,A0A0G0NLL1,A0A0G0RCK3,A0A0G0TL19,A0A0G0TST0,A0A0G0Z508,A0A0G1A8A9,A0A0G1C9F0,A0A0G1HEE5,A0A0G1MYF4,A0A0G1Q8X7
L9WUI5	2.60.40.-,2.60.40.10,2.60.40.10,2.60.40.10	29	4	L9WUI5,A0A101RUV6,A0A1G3QR07,A0A1V1NZA5,A0A243RAD9,A0A2W4N3F4,A0A2Z3UW34,A0A366GJ98,A0A372JUL7,A0A3A4ABG8,A0A3C1EER0,A0A3D9STY4,A0A4R6JD70,A0A561BQ40,A0A5C8JPQ9,A0A660KZK2,A0A6J6PNF2,A0A7C5DS41,A0A7K4BDR5,A0A7M5XEW5
K6ACG0	3.40.50.1390,3.90.1750.20,-.-.-.-,1.10.287.160	27	4	K6ACG0,A0A059KGS1,A0A085FI25,A0A090S8I3,A0A0A6CY16,A0A0A8EDV7,A0A0Q4ZNE0,A0A150RTI2,A0A1C7W658,A0A1I2B5K2,A0A1M4VGI6,A0A1Y0HX05,A0A1Y4LA55,A0A257GYP8,A0A2E3QU67,A0A2N0ZYY6,A0A2N3IZ99,A0A2R8CIE4,A0A377P111,A0A3C1LY10
K0EYU6	3.40.50.1390,3.90.1750.-,-.-.-.-,1.10.287.940	25	4	K0EYU6,A0A011WU75,A0A0F5MVW9,A0A0G0AWK0,A0A0G0VFX1,A0A0J8V8Y4,A0A0Q7IY74,A0A127EHU7,A0A158B850,A0A162T1X1,A0A162T2K8,A0A1B8VVB9,A0A1H7JYF2,A0A1I5MFL0,A0A1S2P0M5,A0A1U9K6G0,A0A1V4HZW6,A0A1V4W4H1,A0A2P7S036,A0A4V0HT04
I4F5N6	2.60.40.10,3.20.110.10,1.20.1270.70,2.60.40.2310	20	4	I4F5N6,A0A0A0BNA9,A0A179B3D1,A0A1B1BQ07,A0A1G9ZW81,A0A1H9B6P6,A0A1M4V202,A0A1Y2MPV0,A0A2T0Q6V5,A0A2T2RJK6,A0A354BAV1,A0A354SB21,A0A354XSZ6,A0A428Z8Y6,A0A6C7ECU5,A0A6N9EZS0,A0A7J9Z2W9,A0A7K0A2Y6,A0A7W7C5N0,A0A7W7QNX8
E8N900	2.60.40.1120,2.60.40.-,2.60.40.2700,2.60.40.2700	35	4	E8N900,A0A0A2WJK1,A0A0L6JLE5,A0A0Q7KLF3,A0A0Q8Q4R4,A0A0Q8W6V3,A0A178IEQ8,A0A1G0WHP1,A0A1Q2HNI8,A0A1V5L1Q0,A0A251Y4M2,A0A2D5ATU0,A0A2E2JDC1,A0A2E6DI16,A0A2M9AR75,A0A2S3ZM28,A0A348XGH5,A0A3A5HDT0,A0A3D1F0S1,A0A3E0W0E7
D3TB77	3.40.50.11060,1.10.287.990,3.40.50.300,3.30.70.-	84	4	D3TB77,A0A059ED06,A0A086YC58,A0A089IES9,A0A089LC12,A0A0F0CPF9,A0A0H2SUZ8,A0A0K2BLP5,A0A0Q0VP61,A0A0Q7EHP4,A0A0R0CVR1,A0A0R2HLV0,A0A0S7X5B2,A0A0S7XE79,A0A0S8GA31,A0A0S8IJS8,A0A0U1QSA7,A0A0W7WP99,A0A133YMH3,A0A136MH28
B4WMN9	3.30.200.20,1.10.510.10,2.30.29.-,1.10.287.470	20	4	B4WMN9,A0A0D8ZL85,A0A0P7YM11,A0A0S3TX51,A0A1U7I080,A0A1Z4SE35,A0A1Z4UL81,A0A2N2JCC5,A0A2N6N0F3,A0A349JJW6,A0A350Y8H0,A0A3B8JNC1,A0A3C1LYN7,A0A3S1AIK4,A0A563VW47,A0A7C3VQN0,A0A7S2ZMC1,A0A7X6CBW0,K9PYY7,K9UK26
A0A851GER1	2.60.120.200,2.60.40.10,3.60.21.10,2.60.40.1120	20	4	A0A851GER1,A0A1F3N6L2,A0A1U9NJC8,A0A1U9NN13,A0A1U9NN48,A0A1W9RS18,A0A1Z8YLY8,A0A258F1E6,A0A2E0B1B3,A0A2E1VSA5,A0A2E3KM99,A0A2E8FKG7,A0A2T2TC97,A0A2T4X1E5,A0A351C6H7,A0A3M2AGY1,A0A432IJR6,A0A553EXE5,A0A7C4YNR8,A0A7C5KMA1
A0A838UTW2	3.30.450.20,3.30.450.20,1.10.287.-,3.30.565.10	23	4	A0A838UTW2,A0A0D2K1W5,A0A0G0N2R9,A0A0K1J7C7,A0A0N0EAK8,A0A0N8GR36,A0A1A9GGA9,A0A1A9GGC8,A0A1H7L8R2,A0A1H7QWH7,A0A212JA70,A0A2E0L828,A0A2M6WJ88,A0A2P8GT69,A0A3L8NXR3,A0A3M0ZPY2,A0A3N5NP69,A0A4T0UNA7,A0A515EP81,A0A518BJU5
A0A838HGE3	2.60.40.1120,2.60.40.1120,2.60.40.2890,2.60.40.-	53	4	A0A838HGE3,A0A090QRG4,A0A090R849,A0A0A1H5Y3,A0A0D8CRQ5,A0A0N0JVD4,A0A0N1AHR2,A0A0P9HL27,A0A0Q6N0D1,A0A0Q6XEK2,A0A0S8F796,A0A136NRB1,A0A1A9HJR8,A0A1E4NW52,A0A1H7NTJ6,A0A1J5MUR9,A0A1K2HCQ0,A0A1K2HRM9,A0A1Q2M9D5,A0A1Y5E874
A0A7Y4YBM7	2.60.40.10,2.60.40.3620,2.60.40.3620,2.60.40.-	36	4	A0A7Y4YBM7,A0A098BWE7,A0A0E9N6A0,A0A0P0DC59,A0A127B4Y7,A0A174U588,A0A1G6Q0C5,A0A1G7PLB9,A0A1H3GHU5,A0A1H3YVM0,A0A1H4JS00,A0A1J5LV52,A0A1M3DLA8,A0A1M5EI11,A0A1M5FXI9,A0A1M6W5U9,A0A1R3T2C2,A0A1W6E9N8,A0A1X7IT94,A0A1Y0M4S2
A0A7X9B9L0	3.30.70.1510,3.40.50.200,2.60.40.1080,2.60.40.1220	28	4	A0A7X9B9L0,A0A0F8SZA1,A0A0S7BVM7,A0A124INY7,A0A1F8PIK8,A0A1G1GPX8,A0A1I6IJE5,A0A1Q6IIP3,A0A1T4XYW1,A0A1V6CME3,A0A2E2Y1R1,A0A2J6IHL2,A0A2N3AFU6,A0A343TG46,A0A345EBX2,A0A368CXZ5,A0A395JY89,A0A3M1VLA2,A0A3N5ZS56,A0A3N9TJE2
A0A7V3RQS4	2.60.40.290,2.60.40.10,2.60.40.10,2.60.40.10	76	4	A0A7V3RQS4,A0A0E3V5P5,A0A0F7PD35,A0A0F9KWR0,A0A0H5E4F8,A0A142Y2U8,A0A161IFS3,A0A1B8W932,A0A1F3BVD7,A0A1F4Z9W0,A0A1F7BDW2,A0A1F7BY08,A0A1G2XD02,A0A1G2YL90,A0A1H2QPA9,A0A1I1B4R1,A0A1I6RTS8,A0A1K1P4V6,A0A1Q2MAX2,A0A1Q5X555
A0A7V2NG30	2.60.40.10,2.60.40.10,2.60.40.10,2.60.40.10	37	4	A0A7V2NG30,A0A061N473,A0A069J896,A0A0F9CE47,A0A0Q8A3W1,A0A0Q8Q257,A0A0Q9TBB0,A0A1G9KVM4,A0A1K1QBS9,A0A1T5DQA7,A0A1V5PP84,A0A1X7SJ26,A0A251Z661,A0A2E8YYP2,A0A2T6A4B6,A0A345VCM9,A0A371NZ00,A0A399ETS9,A0A399NRV2,A0A3M2M300
A0A7T8YPS0	2.60.40.740,2.60.40.-,2.60.40.740,1.20.120.50	69	4	A0A7T8YPS0,A0A060R5X7,A0A085L3P0,A0A098S831,A0A0A2E202,A0A0A2E4B8,A0A0A2F5Z6,A0A0F9YDC6,A0A0G0H4L8,A0A0K1P8Z0,A0A0N8K9V7,A0A0Q0WD54,A0A0S8BR00,A0A0W8FX10,A0A136N498,A0A142BE77,A0A180EK12,A0A1C4AMC5,A0A1E4ZIE5,A0A1F3GJB9
A0A7K0JS47	2.60.40.1120,2.60.40.1120,2.60.40.1120,2.60.40.1120	31	4	A0A7K0JS47,A0A0Q6V7L8,A0A0Q7QIN8,A0A0Q8UZZ8,A0A0S9R5E7,A0A0U4C8A3,A0A117I0Q4,A0A1H0FK81,A0A1H4EIC8,A0A1Q7B1L6,A0A1V1W576,A0A2A9EDA3,A0A2E8Z0B2,A0A2H5X8S5,A0A2H5Y2P7,A0A329R0E7,A0A371P4Z4,A0A399ECD6,A0A3D4PDY4,A0A3D6DC54
A0A7C7KA74	2.60.40.-,2.60.40.1930,3.20.20.140,2.60.40.-	32	4	A0A7C7KA74,A0A081K588,A0A0S7XIJ3,A0A0S8GQT2,A0A0S8K1Z5,A0A1F5S2A0,A0A1F6CA50,A0A1F6D380,A0A1F7RNN4,A0A1F9X4E0,A0A1F9X4V7,A0A1G1BQ56,A0A1G1BQ83,A0A1V6CEB8,A0A2D5ZNF0,A0A2E5GF94,A0A2H0APE0,A0A3D2U670,A0A3D4ZTJ9,A0A3P2AIG2
A0A7C7CLP8	2.60.40.10,2.60.40.10,2.60.40.10,2.60.40.-	42	4	A0A7C7CLP8,A0A074L2X2,A0A0M5MSQ9,A0A0R2VC91,A0A1F3P6U4,A0A1I0RUR2,A0A1I1T6J3,A0A1M3E9E9,A0A1W1ZLN3,A0A2D5PU91,A0A2E4WNN7,A0A2N5YUA3,A0A2N5YZ32,A0A2P8CPS6,A0A2V2G2C0,A0A2W1JUA7,A0A2W1NCJ5,A0A3A1NT21,A0A3D4RL89,A0A3G9J9N8
A0A7C6SBR4	3.20.20.70,2.40.30.10,-.-.-.-,3.20.20.-	29	4	A0A7C6SBR4,A0A095XDT4,A0A095YYU4,A0A0E3SI59,A0A117MBS9,A0A126QY91,A0A133PRR8,A0A134AIS6,A0A1D8GD27,A0A1F9LAX8,A0A1Q6PZN8,A0A1V4ZWT9,A0A2A2XW44,A0A328SSW7,A0A373I9U6,A0A373LU74,A0A3D2KBG7,A0A3D5WT17,A0A3D5ZLJ1,A0A3N5PPX7
A0A7C1WGV1	2.60.40.10,2.60.40.10,2.60.40.10,2.60.40.10	24	4	A0A7C1WGV1,A0A094KYV2,A0A0E9LUZ7,A0A0E9LYV8,A0A0G1LLM1,A0A1F5WFR4,A0A1G2VPQ2,A0A1H8BAR0,A0A1H9XGJ6,A0A1V5LUJ5,A0A2H9LAL4,A0A2N1Q3F6,A0A2N1QJK3,A0A2V8I591,A0A2V9ZPT5,A0A316MT52,A0A350BCB4,A0A3A9IYB6,A0A661A3X0,A0A7C0VUQ0
A0A6N8HBF9	3.30.450.20,1.10.287.130,3.30.565.10,3.40.50.2300	25	4	A0A6N8HBF9,A0A011MS22,A0A099T8Y1,A0A0D6P985,A0A0F0FRC9,A0A0P1EJQ9,A0A0Q4E491,A0A0W0YI30,A0A158EP63,A0A1E4GYD4,A0A1E4H0W0,A0A1X0XXB2,A0A2C7AHQ5,A0A2V6F260,A0A350ETT8,A0A3A6NZJ2,A0A3D2X056,A0A3S0CMP4,A0A4Q7ZDD0,A0A4R1SBF7
A0A6H5IZH7	-.-.-.-,1.20.5.110,3.30.70.1820,-.-.-.-	21	4	A0A6H5IZH7,A0A0A9VWW1,A0A0A9YWE3,A0A0K8S7G4,A0A0L0CLJ8,A0A0L7K2U8,A0A0L7KR27,A0A0L7L8J7,A0A0L7LEK8,A0A2A4JCE9,A0A2A4JUE7,A0A2H1WRH6,A0A2W1BTF2,A0A6H5IQJ9,A0A6J1THV7,A0A6M2D2E2,A0A6P7UNX4,A0A6P7WFN4,A0A811W4Q2,A0A811X0K0
A0A662C4G2	2.60.40.-,2.60.40.10,2.60.40.-,2.60.40.-	34	4	A0A662C4G2,A0A081SED5,A0A0C1ILD2,A0A0C1L6R1,A0A0S8HW46,A0A0S8KAE3,A0A1B4XD44,A0A1H6U755,A0A1I6S148,A0A1V5P277,A0A2A8D1V6,A0A2E8KYM1,A0A2G0CFT9,A0A2G6H0M4,A0A2M7YT59,A0A2S6I617,A0A2V3ZWY0,A0A327VL06,A0A351ZTY0,A0A3B8VBK6
A0A5Q3L475	2.60.40.10,2.60.40.10,2.60.40.740,2.60.40.10	20	4	A0A5Q3L475,A0A142X6U1,A0A142Y3L1,A0A1Z8MF29,A0A2D9JAN5,A0A2E3MPH3,A0A353B9U1,A0A3L7NW89,A0A3L7RLS1,A0A3L7U8F1,A0A3M1UT86,A0A4P5X0T4,A0A517U3N9,A0A518AN70,A0A5C5VSN1,A0A5C5XVD7,A0A5C5YXP6,A0A5C5ZI34,A0A5C6AU73,A0A7X7ISC6
A0A554A1A5	3.40.50.-,3.40.50.10660,3.30.70.270,1.10.10.10	54	4	A0A554A1A5,A0A069F5J8,A0A081NXT8,A0A099DGR9,A0A0A3I5U5,A0A0A3IFU4,A0A0A3IP77,A0A0B2FBT7,A0A0B3VNQ0,A0A0C2YEZ9,A0A0D1XSS2,A0A0K9YMY5,A0A0K9YXB9,A0A0M9WVP6,A0A109Q6T8,A0A125V2M4,A0A132TIF8,A0A133YE95,A0A1D8GMB2,A0A1E4R948
A0A4Q6CJX3	3.40.50.1390,3.90.1750.20,-.-.-.-,1.10.287.770	44	4	A0A4Q6CJX3,A0A016QSA2,A0A023CPX8,A0A037UPQ0,A0A084JX46,A0A099KH72,A0A0B8NKB1,A0A0F0CNH5,A0A0G1RNM8,A0A0H5NU73,A0A0H5SFV4,A0A0U5AV24,A0A0Z8C716,A0A1A9BNG7,A0A1B9XYJ6,A0A1C3N5V9,A0A1C5VM27,A0A1C6ADN3,A0A1F5E512,A0A1F5UXW6
A0A4P9TEL6	3.40.50.300,1.10.8.60,3.40.50.300,1.10.8.60	22	4	A0A4P9TEL6,A0A015X6E2,A0A0A0BU66,A0A0A0DKE3,A0A0D6AT88,A0A0L6W3Y8,A0A0M2V844,A0A142X2F1,A0A173FZU4,A0A1F2QMN9,A0A1F3ZQY9,A0A1F5T8Y9,A0A1G1BV18,A0A1G1M2H7,A0A1G3KYL0,A0A1H3ZDG1,A0A1X9PUP7,A0A1Y4LFM2,A0A2P5CBH7,A0A2W1JNZ1
A0A410P756	2.40.50.140,3.40.50.10550,1.20.5.170,-.-.-.-	90	4	A0A410P756,A0A060NGC4,A0A0A8XDU7,A0A0D0S632,A0A0G0Q342,A0A0G1FFM4,A0A0H3LYW1,A0A0P6XSD0,A0A0S8BPA9,A0A0S8GZU5,A0A101V9L9,A0A1B3WTE0,A0A1B9JUF5,A0A1C5LDC8,A0A1C5MUA6,A0A1C6JH72,A0A1E4IIE9,A0A1E7I121,A0A1F4EZ47,A0A1F7WCX7
A0A3M2GBG4	2.60.40.10,2.60.40.10,2.60.40.10,2.60.40.4070	20	4	A0A3M2GBG4,A0A0K0XTP3,A0A0S7G012,A0A151DUZ3,A0A1F3BL81,A0A1I1H2G0,A0A1S2V9V1,A0A1V5LI61,A0A2A5BRY0,A0A2E8PRR5,A0A3P1C010,A0A3P1CQE1,A0A4Q2UHC6,A0A521GGS9,A0A521GGT8,A0A7Y4R5Y2,A0A7Y5FA23,A0A7Z7FET9,A0A850AK31,U6MM64
A0A3L7UVH3	3.40.630.10,-.-.-.-,3.30.70.-,3.40.50.880	21	4	A0A3L7UVH3,A0A062XRK2,A0A081SHE1,A0A0R0CDI2,A0A0S8JSN8,A0A1F2VC71,A0A1F5BA83,A0A1H6QRK3,A0A1I1JQZ8,A0A2E9NKI8,A0A2K8ZB65,A0A2R4ZUL7,A0A2T4ULM3,A0A2V8TJH1,A0A496TMM4,A0A497F8A3,A0A4P5XQA0,A0A532UBY4,A0A7C5B6S4,A0A7Y3RKC6
A0A3G9JGN5	3.40.50.2300,3.30.70.270,-.-.-.-,1.10.10.60	25	4	A0A3G9JGN5,A0A075JU35,A0A089L998,A0A0C2VC27,A0A0Q9MB80,A0A1B8W951,A0A1D8GK23,A0A1G4VES9,A0A1H3U3M9,A0A1I0G5L1,A0A1I6R135,A0A1M5YRJ5,A0A1M6NB00,A0A1Q6Q2K3,A0A1Q6SMD2,A0A1Y4TIV3,A0A2Y9BB54,A0A372SLC9,A0A398CDA2,A0A3P1V190
A0A3E2T6J2	3.30.70.340,3.10.20.310,-.-.-.-,-.-.-.-	21	4	A0A3E2T6J2,A0A060LS41,A0A078KM56,A0A0E4C9H5,A0A0L6JJ28,A0A140L5P9,A0A173T9D9,A0A1E5L7M4,A0A1G6DP05,A0A1G6HXT4,A0A1M6JVL7,A0A1Q6QUN5,A0A2S1GZG6,A0A2V2F9N8,A0A316NJQ1,A0A3D2GVY9,A0A416T2H6,A0A6I4VUQ6,A0A7C4F1L7,A0A7C7ETT0
A0A3A9I9T1	3.40.50.1390,3.90.1750.20,-.-.-.-,1.10.287.-	42	4	A0A3A9I9T1,A0A010ZS22,A0A075KCZ9,A0A0C1QY59,A0A0D0G361,A0A0G1ALT2,A0A0G1KXW7,A0A0G1NHJ5,A0A0L0QKC9,A0A0U2W951,A0A136WBV7,A0A162TYK6,A0A176UHG1,A0A196L302,A0A1C0ZWQ4,A0A1C6HDE9,A0A1F9UT14,A0A1G9W4P3,A0A1H7JM59,A0A1I2VHX8
A0A357BIX1	3.30.70.-,3.40.50.200,2.60.40.1220,2.60.40.10	43	4	A0A357BIX1,A0A0H4WMB8,A0A0N0KRG2,A0A151E3P9,A0A1E5KY14,A0A1F9ULR1,A0A1G6S180,A0A1I6I6H6,A0A1M5Q413,A0A1M7NM34,A0A1T4KGC2,A0A258S2U0,A0A2D6A2Q8,A0A2M7ML54,A0A2M7WFI0,A0A2M7WIU2,A0A2M9BJY7,A0A371PNX4,A0A3A5GHG6,A0A3B8IVN7
A0A352VZ14	3.40.50.2300,3.30.450.40,1.10.287.80,3.30.565.10	24	4	A0A352VZ14,A0A0M0SUX0,A0A0M9E904,A0A0R3KH15,A0A194AHI2,A0A194AJJ9,A0A1F4ET01,A0A1F6Q7P4,A0A1F9YU18,A0A1J4SEJ4,A0A238YAE4,A0A2I0P3S1,A0A2K2VRD9,A0A2N6F1I4,A0A2V2N6Q0,A0A3N5LBS5,A0A4R5GWZ3,A0A518I1Y7,A0A554ND47,A0A6I2H1Z1
A0A345XNH5	1.25.40.340,3.30.70.-,3.40.50.10440,3.30.1180.-	47	4	A0A345XNH5,A0A059XMB6,A0A060LYM3,A0A094XG61,A0A0A0JKX7,A0A0F7HKS2,A0A0H5P8U8,A0A0J1FMF3,A0A0J6W9K5,A0A0M8PD57,A0A0Q7NJL2,A0A0Q9SDA5,A0A134AJ85,A0A154BLA6,A0A169P3C3,A0A1D7QW80,A0A1F8KPI4,A0A1F8MG82,A0A1H9QEN6,A0A1J5ABF8
A0A2R6JPP2	2.60.40.10,2.60.40.10,2.60.40.10,2.60.40.10	20	4	A0A2R6JPP2,A0A0B2ZZ03,A0A0B3B290,A0A0B5HY89,A0A0F9Z1W4,A0A134BQR2,A0A1G3J504,A0A2D6NXY2,A0A2D6P2V6,A0A2I8VL45,A0A2U9IRJ0,A0A5C6NAC7,A0A661YU16,A0A6N0NYF2,A0A7J3CTC3,A0A7J4I9A3,A0A7J4QHH7,A0A7K3H3J5,A0A7L6IC19,A0A842QN62
A0A2R6CQZ8	2.60.40.740,2.60.40.740,2.60.40.740,2.60.40.740	30	4	A0A2R6CQZ8,A0A0C2UY35,A0A0Q9T8I4,A0A0S1XAJ8,A0A0W8DT27,A0A1H4J8Z2,A0A1I0P0W1,A0A1I4C2I8,A0A1I4FD67,A0A1R1C110,A0A1R1CED9,A0A1V4HDX6,A0A229UJA9,A0A2T6FTX3,A0A2V5K6H2,A0A3M0GWY5,A0A4Q9DP37,A0A4R5KMH3,A0A5C4T710,A0A5R9G2G9
A0A2N1QBZ3	1.10.10.10,1.10.10.1030,1.10.10.10,1.10.10.10	27	4	A0A2N1QBZ3,A0A061P209,A0A0A5GLA5,A0A0A8XAU0,A0A0F7HKK8,A0A0J5JP97,A0A0R1KH15,A0A0R1U0K0,A0A0R2CYA8,A0A0R2F9V3,A0A0V8GD39,A0A176J6J7,A0A1F1LPV8,A0A1S1BPS2,A0A1W9SA60,A0A2L0E592,A0A2N5MBY2,A0A3C1H069,A0A3R9ZY67,A0A662Z6N5
A0A2M7QJ61	1.10.10.10,1.10.10.-,1.10.10.10,1.10.10.-	24	4	A0A2M7QJ61,A0A0F9Z3S3,A0A0F9Z4Z8,A0A0G0C729,A0A0G0IS90,A0A0G0M5L2,A0A0G0N766,A0A0G1DFX6,A0A0G1L7C9,A0A0G1TXW6,A0A0L0LGW2,A0A1B6BH57,A0A1F5AZV8,A0A1F5NUX3,A0A1F5T049,A0A1F7VI07,A0A1G1YED4,A0A1G1Z5V0,A0A1G2CQG2,A0A1G2F3G2
A0A2A3AK07	3.40.50.2000,3.40.50.2000,3.40.50.2000,3.40.50.2000	22	4	A0A2A3AK07,A0A094PCG3,A0A0E0JFL4,A0A0Q5LR11,A0A1E7KAP1,A0A1M5LM41,A0A1Y6CZ29,A0A239NPT9,A0A285VE46,A0A2C7A832,A0A2P8QRB2,A0A2R4TXT0,A0A358CSC6,A0A3A4VEX2,A0A3D1LGK6,A0A3D9LAS3,A0A3M6UCL9,A0A553FXG3,A0A5C8A255,A0A7G7CQT6
A0A1W9PGV8	-.-.-.-,2.40.50.100,-.-.-.-,1.10.287.1060	21	4	A0A1W9PGV8,A0A0B5KWG8,A0A160ILS4,A0A1B9B0M8,A0A1C0BR29,A0A1D8GPR6,A0A1H9L6L3,A0A1I6A5A3,A0A1Q6DNL6,A0A1W9VMQ5,A0A1Y1RTM9,A0A2N1SHU8,A0A370B0S4,A0A4R8M740,A0A6I1ZJ36,A0A6L3V9Q8,A0A7C6R705,A0A7V0TAG0,A0A7X9QCE4,A0A8A3TW36
A0A1M3NI87	3.40.50.2300,3.40.50.300,1.10.8.60,1.10.10.-	33	4	A0A1M3NI87,A0A016ARY5,A0A023RN58,A0A062XXG1,A0A085HLL1,A0A0M9E7U3,A0A0Q4FWZ8,A0A101IF24,A0A1F6C465,A0A1F7FA02,A0A1F9MLQ6,A0A1F9NQH1,A0A1G2YEB0,A0A1G7L4L0,A0A1J5G2E7,A0A1Q7D5S7,A0A1V6A6F0,A0A212RBE1,A0A2D4SLU6,A0A2E4Y3D7
A0A1J5DN52	-.-.-.-,3.30.300.20,-.-.-.-,2.30.30.100	21	4	A0A1J5DN52,A0A0A8WQ65,A0A0B4EVK8,A0A0E2UDV2,A0A0F0CLL3,A0A0G0N2W4,A0A0G0QWT2,A0A0S7WGQ0,A0A0S7XBN4,A0A0S7XD98,A0A139NLQ8,A0A1C0BT83,A0A1C0Z350,A0A1F7A8Q4,A0A1G6HVD1,A0A1T4QKL7,A0A1V4DJE3,A0A1V4QRH3,A0A1W9S233,A0A2G6DMI1
A0A1I3M533	2.60.40.4290,2.60.40.-,2.60.40.10,2.60.40.10	24	4	A0A1I3M533,A0A0E4GBV4,A0A133YE90,A0A1F6BZE7,A0A1T4NQG2,A0A1V5U0A4,A0A2H5VDA2,A0A2V2EPM2,A0A2V9WXT2,A0A3A9FZG7,A0A3M1LK88,A0A410Q159,A0A535ZTI7,A0A550HQW3,A0A5C6B2P5,A0A6V8CQ35,A0A7C4FGT5,A0A7J2N0N9,A0A7J4F5B4,A0A7M1PY16
A0A1H3Q0U3	3.40.1390.20,3.30.450.30,3.30.70.270,-.-.-.-	32	4	A0A1H3Q0U3,A0A066YQE1,A0A083XYF8,A0A0A3INU9,A0A0D1V8M2,A0A0M0L042,A0A0M9DLS9,A0A0M9DN49,A0A0P7CGM9,A0A0P9AG73,A0A0R1VEG0,A0A100YVL5,A0A1C6BZF8,A0A1C6DC15,A0A1F2PDI4,A0A1L7CIY0,A0A1S2MSL6,A0A1V4M0H6,A0A1V4MEI0,A0A2A6FPT0
A0A1G1LTA3	2.40.420.20,2.40.30.170,2.40.50.100,1.10.287.470	69	4	A0A1G1LTA3,A0A016BRN8,A0A031JN90,A0A037UXS0,A0A058ZIN2,A0A068DBM9,A0A094LUE7,A0A095SBY1,A0A098QZN4,A0A0A6PHG5,A0A0B4XNJ6,A0A0C2DRT0,A0A0D1EGG3,A0A0D8DFH2,A0A0G0AR27,A0A0J1FU19,A0A0K1QGA0,A0A0L6ZA13,A0A0M1VYW0,A0A0P9C4I4
W1PFB2	-.-.-.-,-.-.-.-,1.20.5.170	26	3	W1PFB2,A0A022QUB6,A0A059A8X2,A0A059AAW9,A0A059Q046,A0A061DUD8,A0A061E2A4,A0A067F0X1,A0A067KLU4,A0A199VEN4,A0A1R3GNR4,A0A1U7XG76,A0A1U8Q087,A0A251KSJ7,A0A251QI87,A0A2I4HSE2,A0A2P5D5R7,A0A2R6QS22,A0A2S3IPB3,A0A2Z7BDB5
R7ETQ2	2.60.40.-,2.60.40.10,2.60.40.-	62	3	R7ETQ2,A0A037Z8I1,A0A084H2E7,A0A094WNV5,A0A0A2TJA3,A0A0A2UVW4,A0A0A5HVH0,A0A0B2F8Z7,A0A0B2FBS0,A0A0C2QER6,A0A0M0WZQ7,A0A0M0X1S8,A0A0M1P3R4,A0A0M2VIH1,A0A0P9FP69,A0A165NH12,A0A172ZBB5,A0A1B2DZK6,A0A1B8WFP2,A0A1B9AJX1
R1FSM3	2.102.10.10,3.90.380.-,1.10.287.770	24	3	R1FSM3,A0A067FAT0,A0A076FF10,A0A0G4H889,A0A0G4HYG1,A0A150GQ99,A0A1D1ZV61,A0A1Y1HNZ9,A0A1Y1I7E9,A0A1Y1IMP0,A0A1Z5J662,A0A1Z5JET2,A0A2P6V4G1,A0A2R6WZA2,A0A2R6X4B8,A0A383V820,A0A383WEV8,A0A383WKG0,A0A4Y7KNM3,A0A5J4XYC9
L8LTQ4	2.60.40.2030,2.60.40.2030,2.60.40.2030	23	3	L8LTQ4,A0A0U2L5K2,A0A166AL89,A0A1C4V254,A0A1C6RS99,A0A1F5NU62,A0A1F8SKZ8,A0A1G9NRG6,A0A1T4XG71,A0A1V2ZEF2,A0A257L1S8,A0A2M8LR20,A0A2M9CZI4,A0A2N2KVM7,A0A2P1PRJ3,A0A4R7AZQ3,A0A4U7FDJ0,A0A6B0ZWL6,A0A6B1H7R6,A0A7C0XXJ9
K2G3Q9	3.30.160.390,1.10.150.130,1.10.443.-	20	3	K2G3Q9,A0A031LMT3,A0A037UUQ9,A0A087DAD1,A0A089NTR1,A0A0C1CQM0,A0A0E3VX46,A0A127JP27,A0A164IE03,A0A1A7C3W7,A0A1G6SUD2,A0A1H1L456,A0A1Q8FGY1,A0A2N2N634,A0A2T3BUX6,A0A2V8ZLA8,A0A3N1YMT3,A0A426VZF4,A0A430RY37,A0A4R5EWQ9
F4NU11	3.30.450.-,3.30.450.40,3.30.450.-	26	3	F4NU11,A0A026WQL3,A0A061E8R4,A0A061E9N8,A0A0C2Z4F1,A0A0D0CAI4,A0A0D2WYP1,A0A0K0EBT9,A0A0K0EGY2,A0A1E3HL30,A0A1Y1Y6G1,A0A226EHQ4,A0A2K2AY12,A0A2P6VDD4,A0A3B6MLX2,A0A446WQ86,A0A507DFI8,A0A564YW08,A0A5S6QTR0,A0A7S2PWU8
C3XV33	3.30.40.10,1.20.5.340,2.60.120.920	20	3	C3XV33,A0A087XSQ5,A0A087Y3K8,A0A091CP78,A0A0P7YEU8,A0A1S3NIB7,A0A1S3PAT2,A0A1U7SAQ1,A0A3B4APT6,A0A3B5R2G1,A0A3N0Y1A0,A0A3P9KYZ9,A0A3Q3F4X5,A0A3Q3XNW9,A0A3Q7WL22,A0A4W4ESF2,A0A672LWH5,A0A673LGI5,A0A6J0X630,E7FBJ9
B9LR42	2.60.40.10,2.60.40.10,2.60.40.10	32	3	B9LR42,A0A060VWN4,A0A0F9U1C7,A0A1G3L1N6,A0A1G8AK85,A0A1G8UFN9,A0A1H1B8T0,A0A1I3LMS0,A0A1J5EXH4,A0A1Q2HN61,A0A1V6BPY3,A0A2H0Y9T9,A0A2V6FFA1,A0A350M2T8,A0A359KPC3,A0A366HK55,A0A3D6CGG8,A0A4Q5TAM6,A0A534YIS5,A0A5E4ISQ2
B5GRN6	2.60.40.10,2.60.40.10,2.60.40.10	46	3	B5GRN6,A0A062XZS8,A0A0A2I526,A0A0Q9THR4,A0A0Q9UEZ7,A0A0S4K4K1,A0A0S7XB92,A0A0U1KUG9,A0A0X3UPQ3,A0A164BBW9,A0A1F2TXP8,A0A1G0QXT0,A0A1G0XAY9,A0A1G1FNW9,A0A1G7Q196,A0A1H5YAD0,A0A1I3GAF0,A0A1Q7R6P3,A0A1V4E0N4,A0A246FFR5
B2A5F0	-.-.-.-,1.20.5.1180,3.40.50.2300	27	3	B2A5F0,A0A0K6ISI3,A0A0N0JEC0,A0A0P6WFK7,A0A1A9HTG1,A0A1I1B8G7,A0A1Y0ICI7,A0A2A5D9N8,A0A2E1VV28,A0A2E9SUW4,A0A2G6MZ19,A0A2G6NN05,A0A2G6PCV4,A0A2T6N718,A0A328ZLS5,A0A3B1BKP4,A0A437QY74,A0A4U1BT41,A0A512DXS0,A0A525D3E7
A0A845QUM5	1.20.5.170,2.60.40.10,2.60.40.10	28	3	A0A845QUM5,A0A099S846,A0A0F2Q2K6,A0A0L6Z904,A0A0N8NTU1,A0A117SCJ9,A0A1B6BFL9,A0A1H1DPJ4,A0A1H8KVD5,A0A1M5N0T2,A0A1M5WLZ2,A0A1Q8V3E0,A0A1S2LUA2,A0A1X9MJW7,A0A223KQB1,A0A358Q3J2,A0A371SLB2,A0A379DF93,A0A3G1KZG2,A0A4Q0VXA3
A0A842R4M3	2.30.30.100,-.-.-.-,1.10.287.3550	24	3	A0A842R4M3,A0A0A0D1V6,A0A0F3IXZ7,A0A1E4Y4N8,A0A1F2TK96,A0A1Q9P6W9,A0A1V5XBR1,A0A1Y2K3B5,A0A255GN30,A0A259TZA7,A0A2E5G3W2,A0A2H6ADB6,A0A2N1R6Z2,A0A2N9LEC6,A0A2V8Y6A5,A0A2V9JHW1,A0A2V9Y3D3,A0A3M1H0S8,A0A496R007,A0A5B1CNK3
A0A841GQ48	3.40.50.2300,1.10.287.-,3.30.565.10	23	3	A0A841GQ48,A0A0B8NDV5,A0A0F6W2Z1,A0A0G2ZUR3,A0A0S6W5Y1,A0A1F4MNP5,A0A1H5V7D3,A0A1M3MX39,A0A202DJD1,A0A256K3I9,A0A271IXC0,A0A2C6TTE6,A0A2D9F2I9,A0A2T1GEK4,A0A352GP83,A0A4Q5X4A1,A0A4Q5XFC4,A0A523P5P1,A0A533B9W5,A0A538AYE4
A0A841FY34	2.60.40.10,2.60.40.10,2.60.40.690	44	3	A0A841FY34,A0A0C2B433,A0A0F4IE07,A0A0L0KG58,A0A0N0N576,A0A0Q6YUV3,A0A0R3VZN4,A0A0U3EYP3,A0A0X3UX88,A0A1B1M4M4,A0A1B1MDT4,A0A1C5E7I4,A0A1E7KLJ7,A0A1G6YT91,A0A1H7B1E1,A0A1H7Q1A4,A0A1H8SHM8,A0A1I2KMD3,A0A1Q5E1J4,A0A1V6MUF9
A0A838KLY5	3.30.450.-,1.10.287.130,3.30.565.10	66	3	A0A838KLY5,A0A024HHJ7,A0A031J8N5,A0A031JSE4,A0A075K2L6,A0A097IEJ2,A0A0A0NRW1,A0A0A1Q3B1,A0A0C1Y9Q4,A0A0D0TTL8,A0A0D7QE85,A0A0D8DDS2,A0A0E9MJC6,A0A0F2IYW1,A0A0F2P647,A0A0F2Q814,A0A0G3BUD1,A0A0P1E429,A0A0Q5ZPL9,A0A0Q6XGI6
A0A835QTZ3	-.-.-.-,-.-.-.-,1.20.5.170	32	3	A0A835QTZ3,A0A022RE31,A0A058ZRD1,A0A058ZU53,A0A058ZUW4,A0A059A3F5,A0A059AEI6,A0A059AMH2,A0A059B1E5,A0A061ELZ1,A0A067DVN0,A0A068VJA3,A0A0D9YAL5,A0A0K9NKN6,A0A151SW07,A0A161ZJG0,A0A1U8B218,A0A1U8GTN1,A0A251N6Q2,A0A251SNW4
A0A811X6M4	2.60.40.2550,2.60.40.1930,2.60.40.-	27	3	A0A811X6M4,A0A090WM83,A0A0T5ZJV3,A0A101L9A1,A0A127A4W8,A0A1F7RLF9,A0A224ZAF7,A0A239IJS1,A0A2D5F0B4,A0A2S4YPP5,A0A3B3DJ32,A0A3B3UR21,A0A3B4ZJX6,A0A3D0N5K1,A0A3D5EJ49,A0A3L7P2U4,A0A3L7W0Z9,A0A3Q3EN15,A0A4Q7N7S0,A0A4R0J1W7
A0A803J2S0	1.20.5.4880,3.30.70.1820,3.30.250.20	24	3	A0A803J2S0,A0A087YQR0,A0A0F8B508,A0A0F8BZN0,A0A0S7KHF8,A0A195FW57,A0A1B8Y4F1,A0A1L8GS55,A0A1L8GXG2,A0A2A4JHC8,A0A2D4IZ47,A0A2G9RFG7,A0A2G9RZN0,A0A2G9S376,A0A3B1JCB5,A0A3P8TKB0,A0A3Q3J1Z3,A0A668UMH9,A0A672I783,A0A6A4JYJ2
A0A7Y4WUB0	1.10.10.10,1.10.10.10,1.10.10.390	33	3	A0A7Y4WUB0,A0A060RDA8,A0A087DU35,A0A0A2EJE8,A0A0A8WPH0,A0A0C3R5D9,A0A0P9EDY7,A0A0Q6K3C4,A0A0R2R9S6,A0A0U1Q225,A0A139SJG0,A0A1B7LUY2,A0A1F5USL1,A0A1G0ZSC5,A0A1G1FUV1,A0A1I7N9B5,A0A1T5J594,A0A1Z4VT32,A0A2E0WVQ8,A0A2E1G9J8
A0A7Y4U7C5	3.30.160.330,1.10.150.-,1.10.443.10	41	3	A0A7Y4U7C5,A0A009G861,A0A017HRW7,A0A022FSB0,A0A023D2L1,A0A069P270,A0A069PCC8,A0A078BD06,A0A081KB75,A0A084ACB1,A0A091AI45,A0A0B5BC66,A0A0B5BD66,A0A0B5FUE9,A0A0D0I1N0,A0A0F9Q109,A0A0M8Q185,A0A0N8KMT0,A0A0P1EZ59,A0A0Q6ZLK0
A0A7X9HAB4	3.30.450.20,1.10.287.130,3.30.565.10	45	3	A0A7X9HAB4,A0A010YRJ8,A0A031J9R4,A0A076IFC7,A0A081BDZ0,A0A0Q4J0Y0,A0A0S9LHN5,A0A1F6NXW1,A0A1G1P7G1,A0A1G3PM90,A0A1G7GUM9,A0A1H0A2X7,A0A1H4S0H4,A0A1I2T9M5,A0A1K1WAX9,A0A1M3LTS8,A0A1M6NQH0,A0A1M7LHY8,A0A1V5G1Y7,A0A1X1ELR3
A0A7X9A1N2	3.40.50.12160,3.80.30.20,2.40.50.140	21	3	A0A7X9A1N2,A0A076MYB3,A0A0B1U5U6,A0A0G0T9A7,A0A0G1DX64,A0A134A4F3,A0A1F9Y2T6,A0A1Q6RL83,A0A1V4QWJ0,A0A257AEP7,A0A2D5B5X8,A0A2E5V6Y1,A0A2N1VNJ7,A0A497PXS3,A0A4S1M673,A0A4Y9ELE7,A0A532V006,A0A7C3YZN2,A0A7M1UTS8,Q0KBP2
A0A7X5R0W0	2.60.40.10,2.60.40.10,2.60.40.10	34	3	A0A7X5R0W0,A0A0B3AWB4,A0A0M2LMK9,A0A1F4XT26,A0A1G0EB72,A0A1H2KSK9,A0A1H2KSN9,A0A1H5LWZ1,A0A1M6WME4,A0A1N6KXL0,A0A202DFH4,A0A2H0XCB3,A0A2P8DNC1,A0A2P8GYI2,A0A2S9BU16,A0A2W5ZDR4,A0A373NNY7,A0A3G3K0N7,A0A3P2AFN0,A0A416JU04
A0A7X0H801	3.30.420.380,1.20.5.700,3.30.1360.100	52	3	A0A7X0H801,A0A090IW29,A0A0F9QVF4,A0A0G0NXN4,A0A0G0UZA4,A0A0G1MVT8,A0A0S7ZBW4,A0A0U1HXA2,A0A1F7YFL3,A0A1F9X1H9,A0A1G0ZRW5,A0A1G1C5J5,A0A1G1MCA7,A0A1H6FEB3,A0A1I1UHS4,A0A1J5D0P8,A0A2E7Y819,A0A2P5MRT9,A0A2V2SBW7,A0A2V5NEY4
A0A7W7ZLX9	-.-.-.-,3.40.50.20,-.-.-.-	39	3	A0A7W7ZLX9,A0A016QQX5,A0A023WZT3,A0A023X476,A0A070A7T2,A0A074UPB2,A0A087BR49,A0A094SQB3,A0A0C2Z3N6,A0A0G0WLF5,A0A0G1IVH8,A0A0G1XYT6,A0A0G9MSA1,A0A0Q5TCY9,A0A0S9QJ92,A0A0T6A6X5,A0A0T6ZFR6,A0A0U4CDR9,A0A120D6H9,A0A1C5U0B6
A0A7V3QYX8	2.60.40.10,2.60.40.10,2.60.40.10	34	3	A0A7V3QYX8,A0A081PBY1,A0A096B057,A0A099BXH6,A0A0E3S856,A0A0F0LYQ0,A0A0F8T1V3,A0A0S2HY92,A0A0S9RCM4,A0A125S1L1,A0A1G7R7C1,A0A1Q7DEK8,A0A1W0WLQ6,A0A2A4N1D2,A0A2T4T7P3,A0A2U3QGQ4,A0A3B5Q2A4,A0A3C1ZW59,A0A3D6DIC9,A0A4Q2ZRG4
A0A7V2RPF0	2.60.40.-,2.60.40.10,2.60.40.2550	30	3	A0A7V2RPF0,A0A136L8P3,A0A1E4E4Q6,A0A1G1TFN3,A0A1H7AJY9,A0A1H7ATZ3,A0A1I6XKX6,A0A1I6XLH1,A0A1M3EDT8,A0A1N7N6B4,A0A1V5LBC9,A0A1V5NGV7,A0A2A3UF28,A0A2H3P5N8,A0A2P8CYK8,A0A2W1NTQ1,A0A2W2BT87,A0A3D8Y3D7,A0A3N7A7R5,A0A3P1BLY7
A0A7V2HZ10	3.40.980.10,3.30.70.2860,3.90.950.20	22	3	A0A7V2HZ10,A0A060RDR4,A0A090CZD4,A0A0H5DRC9,A0A0J9BJN1,A0A0K2DV55,A0A136N816,A0A161SIY0,A0A1C5LBU0,A0A1F9UK55,A0A1G6K5E3,A0A2G9Y1N9,A0A2M6XYY9,A0A2P8R0J3,A0A348XGH0,A0A349MLQ0,A0A366I067,A0A3C1PHG0,A0A7V6KFC8,A0A847BTD8
A0A7V1EGX4	1.10.287.470,2.40.30.170,2.40.420.20	23	3	A0A7V1EGX4,A0A084XWG7,A0A0D6QP11,A0A0G1VGY3,A0A0H5Q192,A0A0K2ZZS1,A0A117KN67,A0A1G4A0G3,A0A1Q7Q3Z1,A0A1R3T4G1,A0A286U324,A0A2U3LW64,A0A2V7MEZ4,A0A3D1Z1J1,A0A3D3UQM1,A0A3R8PM25,A0A7C7Q681,A0A7V4Y0X0,A0A7V8NUH4,A0A7W0TA97
A0A7R9A562	3.30.450.70,3.30.450.30,3.30.450.50	20	3	A0A7R9A562,A0A087GQZ8,A0A0A9VZP8,A0A0K9NJP6,A0A0L0SUI7,A0A0W4ZPW4,A0A182Y5J5,A0A1B0CMD0,A0A1D2N5U0,A0A369SIB9,A0A3M7KSC4,A0A3P3Y1J7,A0A523TII5,A0A6G1SB75,A0A6J1MNW4,A0A7M7K0W4,A0A7R5K405,A0A7R9QXJ9,D8M6D4,K2HPZ3
A0A7N2L6I2	3.40.1810.10,1.20.5.930,1.20.5.510	38	3	A0A7N2L6I2,A0A059BBR5,A0A068TLW8,A0A0D3AKR4,A0A0K9PAV4,A0A0Q3F7I4,A0A103YIE3,A0A118K5V0,A0A151RTR5,A0A1E5WGP1,A0A1L1WKW6,A0A200Q554,A0A218X2A9,A0A2G9HQQ6,A0A2H9ZUM2,A0A2I4ESU9,A0A2N9J4P1,A0A2N9J951,A0A2P6PJD7,A0A2P6PYJ0
A0A7J5VQD9	2.60.40.10,2.60.40.10,2.60.40.10	25	3	A0A7J5VQD9,A0A0R2RUH7,A0A1Q3GSU9,A0A1V2QMB1,A0A212FYX5,A0A2N2JMI4,A0A2N2XPL6,A0A2V6FF38,A0A3A9VKN6,A0A3C1WLE6,A0A4Q5W1Q5,A0A4V0XER0,A0A4Y6PRQ7,A0A7C4LRG1,A0A7K3XLH5,A0A7T9DWR0,A0A7V4JKP0,A0A7X6DP47,A0A7X8F8X1,A0A7Y5QPL1
A0A7D9I810	3.40.50.300,1.10.287.1130,3.40.50.300	20	3	A0A7D9I810,A0A068DSH0,A0A075MTI2,A0A0E3UVJ9,A0A0G0AA00,A0A0P0N4T3,A0A0S3AKF6,A0A136MX04,A0A1F4RF55,A0A1G3Q8Q5,A0A1M6ZV69,A0A1V6GBA1,A0A2A9HIW6,A0A2E1ZZ63,A0A2E6QTP4,A0A3D3AKC7,A0A432R6T4,A0A523WIF8,A0A6B2C5A9,A0A7C4XTZ4
A0A7C6QFL5	1.10.10.-,1.10.10.10,1.10.10.-	33	3	A0A7C6QFL5,A0A085W8J5,A0A0Q8X3J0,A0A0S8A4M6,A0A120DUC5,A0A1E2VDT3,A0A1F4UL60,A0A1F5YWN4,A0A1F6CJX3,A0A1G1JCB9,A0A1H7AEH9,A0A1Q6SMW7,A0A1Q7EIT2,A0A1V5SEN3,A0A1Y3XNM3,A0A263D7Q3,A0A285LV47,A0A2D5N2Z8,A0A2G6GYT5,A0A350ITR0
A0A7C6KKI9	1.10.287.80,2.30.30.60,3.30.70.260	29	3	A0A7C6KKI9,A0A031G019,A0A098GHT9,A0A0D8HJR4,A0A0Q7ED43,A0A0R2BR88,A0A0R2GXK1,A0A0R2VLX3,A0A0S8GAP0,A0A161XCJ4,A0A1B8PZ56,A0A1H5PG15,A0A1I0QZL8,A0A1R4GQI8,A0A1Y5SFH9,A0A255EFM7,A0A2G4H6P0,A0A2M8W6V3,A0A2V1HSF9,A0A354U3Q7
A0A7C5W3X4	1.20.58.440,2.30.30.60,3.30.70.100	24	3	A0A7C5W3X4,A0A066RTL9,A0A069DBS9,A0A069I7G6,A0A0L0HKY3,A0A0V8A147,A0A134BH97,A0A1G9W442,A0A1L7D1N8,A0A1Q4F5I2,A0A1W9UQF7,A0A2D5VKE3,A0A2E5S6X9,A0A2S1LG79,A0A3B8UGV2,A0A454D0I3,A0A4P7ZWW7,A0A4P9XP44,A0A4R2WS17,A0A6N7GEM3
A0A7C2XUU5	3.30.450.20,1.10.287.130,3.30.565.10	47	3	A0A7C2XUU5,A0A031K1C1,A0A061P3I8,A0A084JDY5,A0A095X746,A0A0A3J201,A0A0B7IND4,A0A0J1FN36,A0A0J5GHX9,A0A0K1PQJ3,A0A0M1JLB6,A0A0V8A165,A0A0X3ARB1,A0A1G6TEI6,A0A1H5ZH24,A0A1I2JYA3,A0A1J4QHH2,A0A1M7YTN9,A0A1Q3YND3,A0A1Q8ZGP2
A0A6N3EW37	1.10.10.10,2.30.30.-,3.30.70.-	28	3	A0A6N3EW37,A0A087N3N1,A0A096ATK9,A0A0C5WEQ1,A0A0H4QHE3,A0A0P0GES0,A0A0S2I648,A0A1B6BEM5,A0A1E8VRB0,A0A1F3LCS0,A0A1G7VYY2,A0A1H9CAW2,A0A1I1ZCC5,A0A1W2HB60,A0A368MHU8,A0A372E585,A0A3G9KB74,A0A3M2B7M6,A0A419X8Z3,A0A496BTH3
A0A6J4UFW7	3.30.420.40,1.10.287.70,-.-.-.-	58	3	A0A6J4UFW7,A0A017H9L3,A0A031J8Y0,A0A064CB82,A0A068NJA0,A0A072NSY8,A0A075WZM3,A0A077AYA5,A0A091C651,A0A0B8XRX2,A0A0C2IAH7,A0A0D6AYS0,A0A0D7NIY2,A0A0E3LCG9,A0A0F2RAC4,A0A0F9E246,A0A0F9GYZ4,A0A0F9ZKV6,A0A0G3G1W9,A0A0H5PY41
A0A6B0X6C9	2.60.40.10,2.60.40.60,2.60.40.10	21	3	A0A6B0X6C9,A0A078R236,A0A142YNA2,A0A1Q6ZDV6,A0A1U7GCB9,A0A1W9ISH0,A0A1Z8MNN6,A0A256WH28,A0A2A4P889,A0A2T6E1P7,A0A350M190,A0A3A6P635,A0A3B9RNS5,A0A3L7QHU2,A0A518IDX0,A0A534U7X8,A0A538SUL7,A0A5C5VQ80,A0A5C5X546,A0A5Q4HC57
A0A662SPR3	2.60.40.10,2.60.40.10,2.60.40.10	24	3	A0A662SPR3,A0A0B3AII5,A0A0B3APL5,A0A0B3B6I7,A0A0F9JBZ7,A0A0F9SUT3,A0A0F9UWC7,A0A1S6H7T9,A0A256Z4E5,A0A2D5V009,A0A2D6KWQ9,A0A2G9MLG0,A0A2G9NE03,A0A2H9LU91,A0A2K2V5F3,A0A3C2AV80,A0A3M1FDB5,A0A497IDP8,A0A524ESS1,A0A534IFS7
A0A654D339	1.10.10.10,2.30.30.-,3.30.70.-	26	3	A0A654D339,A0A059KNN8,A0A0C1ZGF6,A0A0C2ZVK8,A0A177S6X3,A0A1E5NKE2,A0A1F2A5W5,A0A1G9UB24,A0A1I5TJS1,A0A212UHH6,A0A2E0VYX3,A0A2E2U665,A0A2E6ZUF1,A0A2G2MPF4,A0A2S9T0J0,A0A2U1DU07,A0A2U2ACH9,A0A367Z8J3,A0A3N4VKC5,A0A4Q0UHZ1
A0A644Y0F6	2.60.40.2310,2.60.40.10,2.60.40.10	39	3	A0A644Y0F6,A0A0D2J2Z1,A0A0F9VUF9,A0A0G0BTU8,A0A0M9E804,A0A0P6XMQ8,A0A0P8AD00,A0A0Q8XBP2,A0A0S8JDD4,A0A127EYZ6,A0A1A8I1U5,A0A1G7XD15,A0A1H5WYA2,A0A1I1LG95,A0A1J5SLS1,A0A1Q8A4F5,A0A1Z9SEX2,A0A2R7VU92,A0A2V2NDN2,A0A2V9NTQ4
A0A5J6VDN1	-.-.-.-,-.-.-.-,1.20.5.170	25	3	A0A5J6VDN1,A0A0B4MZI0,A0A0C5ATE2,A0A0E3DEB6,A0A0U1XEJ0,A0A141CKU8,A0A1U9XPI9,A0A2E3U891,A0A2S3QEA4,A0A2S6QDA2,A0A3B1CSJ1,A0A3C0T8N5,A0A3D0Z0J8,A0A6B9QET4,A0A6B9VRI8,A0A7C1RXK9,A0A7R7Z712,A0A7V8DLP0,A0A7V9TF70,A0A7Z9WLT5
A0A5C7EHW3	1.10.287.1060,1.10.287.-,3.30.565.10	36	3	A0A5C7EHW3,A0A076NFM8,A0A097B719,A0A0A5FYT7,A0A0M2H6Y3,A0A0V8JAG5,A0A177L4Q3,A0A1G7E3C3,A0A1I1ZAZ7,A0A1M4X3X0,A0A1S1RSH4,A0A285DU18,A0A290Z2D2,A0A2B2CGL0,A0A2N2LFU7,A0A2V3VQ88,A0A316N084,A0A416ZSN6,A0A4Q2LUE9,A0A4R9C0R9
A0A5B9YQE2	-.-.-.-,3.40.50.720,-.-.-.-	32	3	A0A5B9YQE2,A0A060DYD3,A0A063XYI9,A0A081NJ70,A0A0A1Z731,A0A0A8JYK2,A0A0C2UBP0,A0A0D6P6B3,A0A0E4FZV8,A0A0K1PAX5,A0A0K2SMN2,A0A0P6XPE9,A0A0Q4GP21,A0A0Q8HTL8,A0A191UFG0,A0A1E3W5C4,A0A1G6DUN0,A0A1V4MC71,A0A2D6FH50,A0A2K2VPV3
A0A5B8NA15	3.30.450.80,3.30.450.20,1.10.10.10	27	3	A0A5B8NA15,A0A011QMR8,A0A011SRE5,A0A017HBP8,A0A017HPJ3,A0A024HL66,A0A059DP41,A0A085FJJ9,A0A0A8DX84,A0A0M6ZFJ2,A0A0N8K606,A0A0Q4C8I4,A0A0R0AYV9,A0A1E7W6I5,A0A1I2TMF8,A0A222FD06,A0A2C9B4E8,A0A2E2HFG3,A0A2K1FVX9,A0A2N6B847
A0A558NQG3	1.10.10.10,3.30.70.-,1.20.58.100	54	3	A0A558NQG3,A0A017THR3,A0A089LTW9,A0A0A2WSV6,A0A0G0BV87,A0A0G0FWU5,A0A0G0UHH8,A0A0G0W6Z2,A0A0N9HV26,A0A0Q6Q4C9,A0A0Q8UR14,A0A0Q8X451,A0A0R2L390,A0A0S8BZA8,A0A0W8IHL6,A0A154C0C1,A0A1F5EBH9,A0A1F5EK93,A0A1F7HLQ7,A0A1F7IAD2
A0A537I120	-.-.-.-,2.60.40.10,2.60.40.1110	22	3	A0A537I120,A0A0C1L5I8,A0A0D8CSC2,A0A0L1JMT4,A0A196PIE9,A0A1M7JVQ9,A0A1W9R208,A0A2D1U3Y6,A0A2E4ECK6,A0A2M9BS43,A0A2N6N2Z4,A0A2P8D888,A0A2P8HEZ0,A0A364Y4A1,A0A3D8JWM2,A0A3M0FW36,A0A3M1XLS0,A0A3N9NWW1,A0A4R1JA80,A0A553KYN7
A0A512BQ27	1.20.5.500,2.60.40.-,2.60.40.-	22	3	A0A512BQ27,A0A0G1GJ65,A0A0G1I9U5,A0A0G1ZJP6,A0A0G2ANK7,A0A1F7VJ87,A0A1G1XRV4,A0A1G1XXU1,A0A1G1Z0H9,A0A1G2AQW5,A0A1G2B0C2,A0A1G2BAV7,A0A1W9QKW8,A0A2H0V8J1,A0A2M6WBA8,A0A2M6WQS1,A0A2M7VGQ1,A0A2M8LDV4,A0A315X0T6,A0A351JRR4
W7QDU7	1.20.120.-,1.20.120.-	21	2	W7QDU7,A0A090RRE1,A0A0F4QRP0,A0A0J1HBG6,A0A1E7ZGJ7,A0A1G3H3E8,A0A1W1D408,A0A290HLL0,A0A2G2G7U7,A0A2P7R7Y2,A0A2Z6U828,A0A3D3E1B0,A0A3D5AT32,A0A4Q5Q826,A0A4Q8U8T9,A0A4Q8UKD4,A0A5J6P694,A0A5Q0TJM2,A0A6G9QP60,F2JYJ5
W0E3L2	1.20.5.110,3.30.2320.30	26	2	W0E3L2,A0A0A1H5I5,A0A0C1U945,A0A0D2I0Q3,A0A0K6IXA5,A0A191ZJ64,A0A1H7L1V8,A0A1I1NIZ8,A0A1I7IQD6,A0A1V2M172,A0A267MR77,A0A2B0DA34,A0A2D9YD50,A0A2E0ETB1,A0A2E3KDZ8,A0A2G2MJV1,A0A2M6X2D9,A0A2M7YU81,A0A2W4MT82,A0A352CBG3
V2YI92	1.10.10.10,1.20.5.3790	25	2	V2YI92,A0A062XKU7,A0A069D913,A0A0A0BLW6,A0A0L8L141,A0A0S4QRB2,A0A0T6LN88,A0A1B7M2G6,A0A1H3FMN8,A0A1U7NK57,A0A238V452,A0A239RBF4,A0A2E0SW62,A0A419X5E8,A0A429CVH7,A0A455UCC3,A0A4R7V9D0,A0A4U2M427,A0A4Y8KGT7,A0A561U4Z4
U7L1T7	1.10.287.160,1.10.287.80	25	2	U7L1T7,A0A0D6GZ00,A0A0F6QWU2,A0A0J5P9T9,A0A1B2JC05,A0A1D9MLR6,A0A1E8GFU8,A0A1G7DY14,A0A1I3DS32,A0A1K1MKQ4,A0A1R4GXN4,A0A2J6X9Q0,A0A2U2AU51,A0A351ZEX8,A0A399WZW1,A0A3D0NUG4,A0A4P8R6U6,A0A4Q7PIZ9,A0A524FK62,A0A6C2DZL9
T1FNF4	1.20.58.70,1.20.5.170	23	2	T1FNF4,A0A0C2MHU7,A0A0C2TH15,A0A0D9RSR3,A0A0H5R9D7,A0A0K0G2C8,A0A0L1KMY1,A0A1D2MS97,A0A1I8AJD6,A0A1J4KB92,A0A1S3LAM9,A0A1U7QA95,A0A1Y2FLJ8,A0A2C5X6Y8,A0A2I0X850,A0A2U3YGK3,A0A418ARW7,A0A423VKG6,A0A5B8ML55,A0A6I8TP17
R8GWM8	1.10.260.40,1.20.5.1180	38	2	R8GWM8,A0A087B379,A0A0C7G2Y4,A0A0H2MH90,A0A0J5P7T0,A0A0M4RFE3,A0A0P0SLK9,A0A0Q9Y842,A0A134A0D7,A0A142L6E1,A0A1C3NR65,A0A1E5GEH8,A0A1G0I788,A0A1G3T9N6,A0A1G5GUG7,A0A1H8JI25,A0A1H9VHR8,A0A1I0QKD4,A0A1M3GU43,A0A1M5WDS5
R8APS3	1.20.5.460,2.60.40.10	38	2	R8APS3,A0A011Q3R2,A0A073KC10,A0A081FWE0,A0A090I7J1,A0A0E9MGV5,A0A0K6GS94,A0A0L7YRX4,A0A0N0GPA2,A0A0S2SG34,A0A128ECC3,A0A1C3EKL3,A0A1C6LE41,A0A1E2VCL2,A0A1G7XJJ8,A0A1H4EEJ8,A0A1I4RY84,A0A1J0SG07,A0A1R3VST4,A0A1W1WWN4
R6WAH6	1.20.5.300,3.90.1010.20	22	2	R6WAH6,A0A094INP5,A0A0D0SAV4,A0A0X8GZA6,A0A1C6AU82,A0A1C6EUF1,A0A1V4M731,A0A252F356,A0A329U8C9,A0A352IDW1,A0A355TM77,A0A373W4M0,A0A374AHK8,A0A3C1DFR5,A0A7C7WBS4,A0A7G9WL94,A0A7X7HAG6,A0A845KW12,K0AY28,R6SEW4
Q3SL35	1.20.5.990,2.60.40.10	31	2	Q3SL35,A0A087DGR4,A0A0B6F2W7,A0A0Q5GGH2,A0A1E8CNH8,A0A1F4BMB0,A0A1G0CI45,A0A1G0DA06,A0A1G0EWG4,A0A1G0JWJ3,A0A1G2CW00,A0A1T3P5Q6,A0A1V2ZX05,A0A1X1QL30,A0A1X2Z4E6,A0A2E9X5P0,A0A2G2PFA1,A0A2V4A8E0,A0A2W5T337,A0A3S0G516
Q384X5	1.20.5.170,2.130.10.10	23	2	Q384X5,A0A0A1UH20,A0A1A6GWJ9,A0A1A8GFW6,A0A1I7RI31,A0A1I8C9W3,A0A1R2CLP7,A0A1S3JYX6,A0A1Y2AMZ1,A0A1Z5KI13,A0A2A6CZP1,A0A2G8KZS9,A0A2I4AHM2,A0A2U1JAQ6,A0A3Q2QZ07,A0A433PJP0,A0A480V7J3,A0A4W3HZB3,A0A6I8RUY7,A0A6P5GN57
Q1PZJ0	1.20.5.170,3.30.1330.60	23	2	Q1PZJ0,A0A060RDG8,A0A0K1PMA7,A0A1D8GDT1,A0A1F6TXX4,A0A1G3BSH4,A0A1Q3HKN9,A0A1W6LKB5,A0A1Z9QFQ2,A0A222FNG0,A0A2D6A4U2,A0A2D9T3R3,A0A2E4NDT1,A0A2K8Z814,A0A2S4M8P3,A0A352HNL5,A0A3M5EAB6,A0A3M9N9H5,A0A519QZN9,A0A660UHV0
Q0HSW5	1.20.5.370,2.30.22.10	26	2	Q0HSW5,A0A090ARQ1,A0A0A0MBT0,A0A0B4XTW4,A0A0F2Q8Z1,A0A0H5BWE7,A0A0J1FER2,A0A0R0EC41,A0A1D8K8P0,A0A1F8F2N7,A0A1G9QQ04,A0A1J4Y9W8,A0A1Q6DWB0,A0A1V6D0L4,A0A2E6BLS1,A0A2G2MKN9,A0A2G6AUV9,A0A2H0Z9J6,A0A2T3MTH0,A0A328QYN0
L0IAI9	2.60.40.-,2.60.40.-	24	2	L0IAI9,A0A011RQX4,A0A022N576,A0A022N6B6,A0A069CW90,A0A0F4LQQ1,A0A0R1GKT1,A0A0R1JNP0,A0A0R1MT71,A0A0R1RPJ1,A0A0R2IPB5,A0A0R2MTQ8,A0A1F4Y1R4,A0A1F6WQI7,A0A1H4PBM2,A0A1Y0VQK7,A0A200HYW1,A0A267HPK0,A0A2A9IN42,A0A2M9FRH9
K2AHI6	1.20.5.540,2.60.40.10	20	2	K2AHI6,A0A0L0EP21,A0A1G1NV81,A0A1G8CVQ0,A0A1H3S4B2,A0A2S0XQV2,A0A2T5PGI9,A0A328BMZ2,A0A3D1RRN0,A0A4R5U2T4,A0A543HLU8,A0A5C7XW69,A0A6L9G5U4,A0A7I7ZV95,A0A7V3IVF6,A0A7W5PLU6,A0A832Z7U2,A0A843HIC8,C5A3K2,Q15Y21
J3LE19	1.20.5.170,3.30.40.10	23	2	J3LE19,A0A022QDI8,A0A068UXL1,A0A0K9PZU0,A0A124SBU2,A0A1E5V6Y9,A0A1U8APU6,A0A1U8MFR5,A0A200QSI3,A0A218WPX6,A0A251S7B1,A0A2I0X4N4,A0A2I4FUL9,A0A2J6KYH0,A0A2K2CWR4,A0A2U1PKH7,A0A5K1CWV5,A0A6J1E3I2,A0A6J5TFG5,A0A6P6T578
I8U815	2.40.128.640,2.40.128.270	28	2	I8U815,A0A098LPC7,A0A0F9TCB9,A0A0K2J8N1,A0A0P7ZL99,A0A1G8CH04,A0A1I3R6J8,A0A1M3QYM4,A0A1Q2MGI6,A0A1Q4F6G2,A0A1Q4F6N1,A0A1W1XQN4,A0A2S5SR05,A0A2T4TKM0,A0A2V1IQG7,A0A371YTZ1,A0A3C1SU26,A0A3D8Y4K9,A0A3D8Y654,A0A3E4W8U0
H3BGA4	1.20.5.1180,3.30.70.1820	22	2	H3BGA4,A0A096M8P7,A0A096MCB3,A0A1A7XGY8,A0A1A8CV30,A0A1I8BC40,A0A2G8JG01,A0A2P8XU20,A0A498LZ00,A0A4C1XW32,A0A553RMR2,A0A5B7FR68,A0A5G2QF87,A0A6J1NS23,A0A6J8BQ85,A0A6P7V1M8,A0A6P7V3A3,A0A7D9I9N4,A0A811WG55,R7URW7
G8R5C8	2.60.120.200,2.60.40.10	30	2	G8R5C8,A0A011QU42,A0A085BGJ5,A0A085BGT4,A0A090PJE7,A0A090VTA9,A0A090X653,A0A098SBM3,A0A1F3KAY9,A0A1H1KUX3,A0A1H1TX37,A0A1H9KPY4,A0A1I3E0P0,A0A1J5AYR2,A0A1J5KBQ4,A0A1J5LE08,A0A1Q3LXS3,A0A1V6JWM9,A0A2D8X6G7,A0A2K1DWN2
G0QJD1	3.40.850.10,1.20.5.170	20	2	G0QJD1,A0A0B2UKD0,A0A0E0I6M2,A0A0R0M290,A0A1X0QBG2,A0A1X2GSG2,A0A1Y1IBQ2,A0A1Y1XQ88,A0A2G4SK79,A0A2G5B8T1,A0A446KUF2,A0A446QMS5,A0A498NF62,A0A5J4XH84,A0A7S0SUN8,A0C6H0,A2AKH9,A9RKR5,H3ASX0,T0L099
F7V756	2.60.40.730,2.60.40.60	29	2	F7V756,A0A023DC24,A0A061AAV2,A0A073K1Y0,A0A0A7GGM5,A0A0B0CZU9,A0A166D5E4,A0A166DAY6,A0A166EXC7,A0A1F8XK88,A0A1G3VX54,A0A1G8YP95,A0A1I3QRI7,A0A1J6W902,A0A1V6N018,A0A1V6N1G7,A0A263BTY0,A0A2N1PYH9,A0A2T5SHT0,A0A2V2ZLD2
F5YND8	1.10.260.40,1.20.5.170	22	2	F5YND8,A0A0D0GGH6,A0A0P6RJ70,A0A0Q9Q9K9,A0A135IPI6,A0A1B8R8F0,A0A1F2UBF5,A0A1I1MZQ6,A0A1I7KP48,A0A1W9NAP9,A0A252D8W7,A0A2S9XZK3,A0A2S9YGP9,A0A2Z2KDV6,A0A349YNK8,A0A351UK21,A0A351Z249,A0A3D0ZAE4,A0A3P3TE98,A0A651E686
E8QX60	2.40.128.120,2.40.128.20	20	2	E8QX60,A0A0D6AGQ8,A0A0Q9ICH2,A0A162RGF4,A0A1M6XZ07,A0A1Q3LY45,A0A1Z9IH91,A0A2E7EN02,A0A2N9L2A6,A0A2V8QD82,A0A369USD5,A0A3B8ZGN1,A0A3D0XG91,A0A3N5KZF4,A0A4U8Z3M3,A0A5A7VPT0,A0A5C6JBC8,A0A7G7SWC8,A0A7S1YWP2,A0A7S7SKC7
E6TTB4	1.20.5.170,3.20.20.370	31	2	E6TTB4,A0A023CN18,A0A037ZA83,A0A074LPH1,A0A0G3XI11,A0A0K8J494,A0A0L6W1A9,A0A0M8TEG3,A0A168KVT0,A0A1G1LP49,A0A1G2N1C1,A0A1H0PFL1,A0A1H4Q212,A0A1S8LQD9,A0A1V5YBN3,A0A1W9QTQ3,A0A265Q5Q9,A0A2N2F4K0,A0A316LQ75,A0A316Q7K2
E3J717	2.60.40.10,2.60.40.10	33	2	E3J717,A0A0B2B7A2,A0A0Q5KA28,A0A0T5ZPU6,A0A176QH21,A0A176S0U3,A0A1F8YDP8,A0A1G4VJV0,A0A1G9L1B2,A0A1V6CCV6,A0A291BKY0,A0A2E2Q5R5,A0A2H9KZY9,A0A2M8WW55,A0A3D9STC1,A0A3N1DCM0,A0A3N1LBE6,A0A496VLD8,A0A553G671,A0A554VBP6
D3SA45	1.10.10.10,1.20.5.100	43	2	D3SA45,A0A090IJP1,A0A0B8UWX9,A0A0C5VHR1,A0A0D0QCP0,A0A0D6TM16,A0A0D8HDW6,A0A0F0HSQ1,A0A0F5VJ80,A0A0K8QY81,A0A0N1KII9,A0A0P0P4M3,A0A0P9D6U8,A0A0S2SHK3,A0A0S8ASW0,A0A136MKE2,A0A140DVU9,A0A172TR27,A0A192XE58,A0A194AJS0
D3JVD5	1.20.5.10,2.60.40.-	23	2	D3JVD5,A0A084UAZ2,A0A0C1KKA5,A0A0X8KJV3,A0A1G5K046,A0A1H1G5R7,A0A1H9SPY3,A0A1I0DMY1,A0A1M6AE56,A0A1S2WUK5,A0A2A2USQ9,A0A2E4Z8D7,A0A2I5T8I0,A0A2U2C5U3,A0A2V9NAU0,A0A315SI67,A0A399RPY4,A0A4Y9NGT1,A0A562ZV64,A0A6I6JIE8
D1CBK0	1.10.287.1700,1.20.5.100	50	2	D1CBK0,A0A072NCK7,A0A074MEE6,A0A0A5IBZ3,A0A0A7FY58,A0A0F0LWB9,A0A0K2GD87,A0A0M2PQ77,A0A0U5H5W4,A0A0W8I803,A0A1F0D7Y5,A0A1F8R2J9,A0A1H2Q9A9,A0A1J1EIT0,A0A1N6HGH9,A0A1V5YG35,A0A1Y6CYW8,A0A285CV65,A0A2A4WRY0,A0A2H0DDG0
C6XR92	1.10.287.1060,-.-.-.-	21	2	C6XR92,A0A060JHF6,A0A075P6M7,A0A081K698,A0A081NDW0,A0A084IR81,A0A090ILQ0,A0A0B7J444,A0A0F3PBN8,A0A0S2DGQ6,A0A150ZYM4,A0A1B1NW62,A0A1B3LNN6,A0A1B4VAK7,A0A1G0H3J2,A0A1G0X1T0,A0A1G6U7H8,A0A1Z8QJ17,A0A2E2UPI7,A0A2E9RHD0
C1F1E0	2.60.40.-,2.60.40.1120	46	2	C1F1E0,A0A074KPU3,A0A076HPB6,A0A076HRX2,A0A0A7LPP4,A0A0E9N3D2,A0A0F2Q5S6,A0A0J8G6B8,A0A0K9GCQ6,A0A0Q5N6U2,A0A0Q5NAV6,A0A110B4H3,A0A1D7QD03,A0A1G7D4G4,A0A1G8CNV8,A0A1G8ZF61,A0A1G9QJ42,A0A1H5ZJK6,A0A1H7B3M7,A0A1I0SAT6
C0W088	3.40.50.300,3.30.70.-	44	2	C0W088,A0A010ZMD2,A0A023CS45,A0A031FNY2,A0A061P342,A0A086GH22,A0A087BL86,A0A087EHZ9,A0A087LLP3,A0A087VUQ2,A0A089HV79,A0A098ER71,A0A098Y6I9,A0A0A0F3Y7,A0A0F3IM01,A0A0F7GD13,A0A0G0LSB0,A0A0L0QQ05,A0A0M9XMD3,A0A0P9QYE5
B5IA13	1.20.5.460,2.60.40.-	38	2	B5IA13,A0A075WGW1,A0A0B5GMI4,A0A0D5ZH15,A0A0D6JM87,A0A0E3LGM6,A0A0E3QAI2,A0A0E3SST4,A0A0F7PBP4,A0A101F3S6,A0A1F9Z0K3,A0A1G9E412,A0A1G9QX31,A0A1G9T2R9,A0A1H6FW62,A0A1L3Q2V4,A0A1P8RJC9,A0A1Q6DVA6,A0A1Q6DWF3,A0A285P3V7
A9WQP9	3.30.230.10,3.30.70.240	23	2	A9WQP9,A0A023CWA9,A0A0A2FCP3,A0A0B5CEZ1,A0A0C2VE61,A0A0C5S158,A0A0S6VP63,A0A176K0E2,A0A1I0VRU7,A0A1I6H5N5,A0A1Q6K3E7,A0A1V5T2R7,A0A1W1EFW9,A0A222EMX4,A0A257L689,A0A272EMF8,A0A2M7K4Z3,A0A2N1KRX0,A0A2V7WAA0,A0A2V7Y9K4
A5BWJ2	1.20.5.300,2.30.30.-	21	2	A5BWJ2,A0A151RKK3,A0A151RX63,A0A151S5P3,A0A151SGP9,A0A151STW4,A0A163K5D2,A0A1Q3BPF1,A0A1Q3C7R7,A0A1Q3CSR7,A0A1R3JP62,A0A1U8F0M4,A0A2H9ZY36,A0A2K3KXB5,A0A5N6P748,A0A6L2NKS0,A0A6P6TG00,A0A815EJH7,A0A818VN50,A0A820Z7K8
A0A8B6H5Z5	1.20.5.340,3.90.215.10	20	2	A0A8B6H5Z5,A0A034VXM4,A0A084VK43,A0A084VSZ4,A0A084W3M4,A0A0L0BZC4,A0A0M3QU09,A0A0P4W2X4,A0A0Q9X0R9,A0A182HCP3,A0A182ISG9,A0A182MY97,A0A182UBN0,A0A383ZG59,A0A3Q3DNX5,A0A4Y2FGE1,A0A6J8BZP7,A0A6P4K9P5,B0X1X3,F7AYW6
A0A8B6D2T1	1.20.5.340,3.30.70.1820	21	2	A0A8B6D2T1,A0A096MB96,A0A0B2UPV8,A0A0L0CP55,A0A183UXW7,A0A1V4T1D6,A0A210QFI3,A0A2B4RBU4,A0A2H2JLW2,A0A402F9M4,A0A498MB30,A0A5E4R3A1,A0A5E4R912,A0A662YW80,A0A6A4SWE0,A0A6A4T5H2,A0A6G5A9P1,A0A6J8A3T1,A0A6P8J6R7,A0A6S7JLR2
A0A8A8PMA1	1.20.5.1010,2.60.450.10	28	2	A0A8A8PMA1,A0A087M0I1,A0A0D5LX65,A0A0F4VLC8,A0A0P6WU33,A0A0Q6F314,A0A1H1KJF4,A0A1W9KIX2,A0A1Y5RQY0,A0A2A4Z892,A0A2D2B3K6,A0A2D7C331,A0A2G2LNF7,A0A2U2BWQ0,A0A2W2BT70,A0A346A4L5,A0A356U2A9,A0A357QMI9,A0A3B0TJ55,A0A494RGN1
A0A850SNP2	2.10.260.-,1.20.5.440	20	2	A0A850SNP2,A0A097EJ02,A0A0B3B455,A0A0G0W1V2,A0A1F5HPW0,A0A2G4HJ96,A0A2M8ELB4,A0A2W4M9J7,A0A316QCI0,A0A316RT27,A0A354I3C2,A0A3N5QX31,A0A419GWP3,A0A522URU9,A0A523BCH8,A0A662G1D0,A0A6J4LYJ0,A0A6L4ZSK3,A0A7C4EXJ9,A0A7W0TTH1
A0A849TDM4	1.10.287.210,-.-.-.-	21	2	A0A849TDM4,A0A088T327,A0A0B0HFD6,A0A0B0Q332,A0A0B5RQL1,A0A0C1QIL5,A0A0S8HL19,A0A133YZ20,A0A139DPD2,A0A173TK37,A0A174A6H2,A0A1A9G8A6,A0A1I2GBE1,A0A1Y4GA35,A0A2D4VIX0,A0A2E0QD92,A0A2E7HC48,A0A3D9KD32,A0A4S8RQT3,A0A519MX86
A0A849N4M5	1.20.5.4280,1.10.10.10	20	2	A0A849N4M5,A0A0D7F1N9,A0A0J5QED8,A0A0W1EEB6,A0A1B8T339,A0A1E3M3P1,A0A1L9QCN5,A0A1R3T8H3,A0A1Y6B7H1,A0A239I1Q9,A0A257GEX6,A0A257PAR0,A0A257UWY1,A0A2B9UNY9,A0A2G2FZI9,A0A2M8RU34,A0A2P7BFQ3,A0A2S5M5Z3,A0A494TKP0,A0A6I7HMT8
A0A848RSI4	3.40.50.2000,3.40.50.2000	25	2	A0A848RSI4,A0A011T6R0,A0A061EV99,A0A067BXA1,A0A086DWZ5,A0A098PVG8,A0A0G1QX22,A0A0L0HL63,A0A1G5G6B5,A0A1G6TNQ2,A0A1H0WG92,A0A1H8T1X9,A0A1J1EGI5,A0A1R3UER1,A0A1V5IAE5,A0A212JIW1,A0A285PFS5,A0A2D5BQF9,A0A369WS92,A0A3C0PGL4
A0A847HHU4	2.60.40.10,2.60.40.10	37	2	A0A847HHU4,A0A090X636,A0A0C1Z570,A0A0H0ZK01,A0A0N8W7V8,A0A0Q9K976,A0A144MAM4,A0A151BT67,A0A176QCI5,A0A183AQQ1,A0A1F1UAT7,A0A1L3MHF4,A0A1Q3N534,A0A1Q6ZAW1,A0A285MX37,A0A2I0P2A1,A0A2S0WMT5,A0A379RVP7,A0A3A5H7P7,A0A3C1FE19
A0A842RCX9	3.40.50.300,3.30.70.920	37	2	A0A842RCX9,A0A060LR15,A0A062XRS1,A0A081SH41,A0A087N5I5,A0A089LZA0,A0A094IKC3,A0A095XI25,A0A0A9VRE5,A0A0B2UQ84,A0A0B3A2Z3,A0A0C7G9W0,A0A0E1VIK2,A0A0E3JHU7,A0A0G1D6L4,A0A0H4P6H5,A0A0J1G8J1,A0A0K8J4C5,A0A0M9DES3,A0A0M9DT27
A0A841BX55	3.40.50.-,3.40.50.2000	20	2	A0A841BX55,A0A011N8F9,A0A097APW6,A0A0F5YGR0,A0A0F9FM14,A0A0S9P8Z7,A0A1B3Z8M8,A0A1I4VAY8,A0A1Y6B9J8,A0A239K913,A0A2D5AH25,A0A2G4F5F1,A0A2P1PYG6,A0A4Q5XG27,A0A4Z0C0M2,A0A6T9YMC8,A0A7W3P4B8,A0A7W3UDC2,A0A7W3YIZ1,A0A8A8ZFL5
A0A840VNG9	2.60.40.10,2.60.40.1510	38	2	A0A840VNG9,A0A077LT99,A0A0L0JZP4,A0A0X3XVK5,A0A1C0BLG7,A0A1C4US15,A0A1C4UTI7,A0A1C5A4R6,A0A1C5GGF6,A0A1C5HM48,A0A1C5HQG7,A0A1C5IV65,A0A1C6S4F7,A0A1F8QL52,A0A1G1X2S7,A0A1H5U7N2,A0A1H7BGR8,A0A1I1YKN5,A0A1L9E232,A0A1M7P7W8
A0A840L1P2	1.20.5.110,3.40.50.720	20	2	A0A840L1P2,A0A0B6S362,A0A0P7ZEK1,A0A151Z193,A0A1I1W7J2,A0A2U0SWE6,A0A3C2EQL0,A0A3E2XZ11,A0A520KT59,A0A651EMR1,A0A6I5PKI7,A0A7C6QIU0,A0A7Y5ULJ0,A0A7Y6N4R2,A0A7Z2GN93,A0A836DPJ7,A2RVU6,K9F1E4,L8M688,V4UH71
A0A839IJ68	1.20.5.170,3.40.30.10	27	2	A0A839IJ68,A0A014MPC0,A0A086GYW3,A0A0G0N8V6,A0A0G0W2M2,A0A0G1DGW3,A0A0N9NIH5,A0A0Q5C2I9,A0A132MR39,A0A133ZD42,A0A170X3X7,A0A1F1I605,A0A1J5KCX7,A0A1Q2CKC8,A0A1W1I866,A0A2N3GK20,A0A2N9JBX3,A0A2T5W9Q2,A0A3D1MFH8,A0A3N1D137
A0A835LCF3	1.20.5.1180,3.30.70.1820	20	2	A0A835LCF3,A0A256YH33,A0A2K2VB55,A0A2R7Y7H5,A0A498M8T7,A0A4C1VBU2,A0A662US23,A0A662VET8,A0A662VG85,A0A6B2C062,A0A6J7ZUU2,A0A6J8BA55,A0A6S7GQ58,A0A7C4NPP7,A0A7C5TCI1,A0A7C5XYX4,A0A7J3EM38,A0A7J7XHB1,A0A835GJT2,T1FIJ1
A0A832GZM8	3.40.50.300,3.30.70.260	26	2	A0A832GZM8,A0A089JWY1,A0A0F6TD50,A0A0G3A1M3,A0A0J8GEP6,A0A0U3QJT5,A0A0U4PE14,A0A132MND7,A0A166SSD3,A0A1H7KMW3,A0A1I0NH09,A0A256Z5C5,A0A2D5NH87,A0A2D6PWD1,A0A2K1NQT8,A0A2M7X1M4,A0A3L8B2W8,A0A3M1A671,A0A4Y9KDH2,A0A520QT59
A0A832CAN4	1.10.287.660,2.40.50.140	24	2	A0A832CAN4,A0A0H3JAL5,A0A0S7XKI3,A0A120CX94,A0A151F7U0,A0A1F2REG6,A0A1F4CM81,A0A1F8P7Z3,A0A1J5D939,A0A1U6JL26,A0A256ZYK3,A0A2I0N454,A0A318U3J3,A0A349ANV3,A0A3M0ZW71,A0A3M2ETW1,A0A497HZK9,A0A523UXQ0,A0A6L8BDU1,A0A7C6H4S2
A0A831T5E4	2.40.128.120,2.40.128.120	24	2	A0A831T5E4,A0A068NRW7,A0A095ZW47,A0A0G0N5T0,A0A0S8DJ20,A0A0T5PG42,A0A191TMN2,A0A1B7ZEP6,A0A1C3VB79,A0A1F9F531,A0A1I5PDS1,A0A1Q3XBE1,A0A1Z9DXY4,A0A285ZUK8,A0A2D5RXE2,A0A2E1UUG3,A0A327KQU3,A0A372F8H1,A0A3C1FZG9,A0A432MEM3
