F6CXK8	foldmason	169
U7L1T7	foldmason	180
A0A7C7KA74	foldmason	1189
A0A4V1M1V7	foldmason	198
F6CXK8	foldmason_lol	160
D3JVD5	foldmason	367
A0A841FY34	foldmason	888
U7L1T7	foldmason_lol	180
L8LTQ4	foldmason	906
A0A7C7KA74	foldmason_lol	1245
A0A4V1M1V7	foldmason_lol	199
A0A7V9HBP6	foldmason	197
F6CXK8	foldmason_refine100	169
L8LTQ4	foldmason_lol	2176
A0A7V3QYX8	foldmason	598
D3JVD5	foldmason_lol	488
A0A7R9A562	foldmason	871
A0A841FY34	foldmason_lol	1386
A0A345XNH5	foldmason	701
U7L1T7	foldmason_refine100	181
A0A7V9HBP6	foldmason_lol	196
A0A7C7KA74	foldmason_refine100	1150
A0A4V1M1V7	foldmason_refine100	193
F6CXK8	muscle	163
A0A7V3QYX8	foldmason_lol	2124
L9WUI5	foldmason	1010
A0A7K0JS47	foldmason	793
L8LTQ4	foldmason_refine100	882
D3JVD5	foldmason_refine100	363
A0A841FY34	foldmason_refine100	885
A0A7R9A562	foldmason_lol	1479
A0A345XNH5	foldmason_lol	2866
U7L1T7	muscle	189
A0A8B6H5Z5	foldmason	498
A0A7V9HBP6	foldmason_refine100	196
A0A5Q0EJY6	foldmason	186
A0A7C7KA74	muscle	1244
L9WUI5	foldmason_lol	3946
F6CXK8	caretta	155
F5YND8	foldmason	166
A0A7V3QYX8	foldmason_refine100	599
A0A4V1M1V7	muscle	203
L8LTQ4	muscle	1155
A0A7K0JS47	foldmason_lol	2153
A0A2W5JG19	foldmason	182
A0A841FY34	muscle	947
A0A5Q0EJY6	foldmason_lol	181
U7L1T7	caretta	174
A0A6B0X6C9	foldmason	584
A0A7R9A562	foldmason_refine100	869
A0A7V9HBP6	muscle	210
D3TB77	foldmason	498
D3JVD5	muscle	435
A0A345XNH5	foldmason_refine100	698
A0A8B6H5Z5	foldmason_lol	1474
A0A7V3QYX8	muscle	870
F6CXK8	matt	202
L9WUI5	foldmason_refine100	989
A0A7C7KA74	caretta	1049
H3BGA4	foldmason	294
A0A4V1M1V7	caretta	184
A0A7V9HBP6	caretta	179
A0A7K0JS47	foldmason_refine100	788
F5YND8	foldmason_lol	624
L8LTQ4	caretta	574
A0A841FY34	caretta	661
A0A8B6H5Z5	foldmason_refine100	499
D3TB77	foldmason_lol	518
A0A644Y0F6	foldmason	833
U7L1T7	matt	238
A0A5Q0EJY6	foldmason_refine100	184
A0A2W5JG19	foldmason_lol	202
A0A7R9A562	muscle	980
A0A2E5EG28	foldmason	168
F6CXK8	mtmalign	200
L9WUI5	muscle	1232
A0A6B0X6C9	foldmason_lol	1499
H3BGA4	foldmason_lol	322
A0A7V3QYX8	caretta	377
A0A345XNH5	muscle	697
A0A7K0JS47	muscle	1146
A0A6J4UFW7	foldmason	475
A0A4V1M1V7	matt	257
D3JVD5	caretta	286
A0A7C7KA74	matt	2089
A0A841FY34	matt	4865
D3TB77	foldmason_refine100	497
A0A7V9HBP6	matt	287
A0A2K2FPG0	foldmason	156
A0A5Q0EJY6	muscle	182
U7L1T7	mtmalign	259
A0A6B0X6C9	foldmason_refine100	570
A0A841HGH3	foldmason	218
A0A2W5JG19	foldmason_refine100	181
F5YND8	foldmason_refine100	166
A0A345XNH5	caretta	680
L8LTQ4	matt	5312
A0A8B6H5Z5	muscle	551
A0A7V3RQS4	foldmason	1009
Q0HSW5	foldmason	315
A0A2E5EG28	foldmason_lol	166
H3BGA4	foldmason_refine100	287
A0A644Y0F6	foldmason_lol	1984
A0A7V3QYX8	matt	3121
L9WUI5	caretta	544
F6CXK8	usalign	175
A0A7K0JS47	caretta	545
A0A7R9A562	caretta	793
A0A841FY34	mtmalign	2826
A0A4V1M1V7	mtmalign	263
A0A6J4UFW7	foldmason_lol	497
U7L1T7	usalign	196
A0A5Q0EJY6	caretta	175
A0A2K2FPG0	foldmason_lol	156
A0A345XNH5	matt	3850
L8LTQ4	mtmalign	3555
A0A2W5JG19	muscle	197
A0A7C7KA74	mtmalign	2032
A0A7V9HBP6	mtmalign	279
Q0HSW5	foldmason_lol	748
A0A7V3QYX8	mtmalign	2201
A0A6B0X6C9	muscle	759
D3TB77	muscle	514
D3JVD5	matt	957
A0A644Y0F6	foldmason_refine100	827
A0A841HGH3	foldmason_lol	206
A0A2E5EG28	foldmason_refine100	168
A0A8B6H5Z5	caretta	407
L9WUI5	matt	5814
F5YND8	muscle	180
H3BGA4	muscle	332
A0A7V3RQS4	foldmason_lol	3444
A0A6J4UFW7	foldmason_refine100	470
L8LTQ4	usalign	2822
A0A2K2FPG0	foldmason_refine100	156
A0A4V1M1V7	usalign	209
U7L1T7	mustang	198
A0A5Q0EJY6	matt	257
A0A7V3QYX8	usalign	1792
A0A7C7KA74	usalign	1321
D3TB77	caretta	477
A0A7K0JS47	matt	4659
F6CXK8	mustang	181
A0A7R9A562	matt	2084
A0A841FY34	usalign	2069
A0A345XNH5	mtmalign	2998
A0A841GQ48	foldmason	633
A0A2W5JG19	caretta	179
Q0HSW5	foldmason_refine100	318
D3JVD5	mtmalign	835
A0A7V9HBP6	usalign	210
A0A8B6H5Z5	matt	2142
A0A811X6M4	foldmason	816
A0A2E5EG28	muscle	164
A0A6H5IZH7	foldmason	534
A0A841HGH3	foldmason_refine100	207
A0A2K2FPG0	muscle	163
A0A7V3RQS4	foldmason_refine100	983
A0A6B0X6C9	caretta	431
A0A644Y0F6	muscle	1152
U7L1T7	clustalo	187
H3BGA4	caretta	249
A0A7V3QYX8	mustang	820
A0A4V1M1V7	mustang	238
D3TB77	matt	963
A0A7K0JS47	mtmalign	3416
A0A2M7QJ61	foldmason	505
L8LTQ4	mustang	1353
A0A5Q0EJY6	mtmalign	275
A0A841FY34	mustang	1229
A0A150M8U2	foldmason	204
F5YND8	caretta	145
A0A345XNH5	usalign	2413
L9WUI5	mtmalign	4039
A0A7C7KA74	mustang	1363
A0A7V9HBP6	mustang	250
A0A6J4UFW7	muscle	538
A0A2W5JG19	matt	264
A0A7R9A562	mtmalign	1708
A0A7V3RQS4	muscle	1152
A0A8B6H5Z5	mtmalign	2033
Q0HSW5	muscle	353
F6CXK8	clustalo	177
A0A841GQ48	foldmason_lol	1619
A0A841HGH3	muscle	218
H3BGA4	matt	734
A0A2K2FPG0	caretta	155
A0A4V1M1V7	clustalo	204
D3JVD5	usalign	670
A0A811X6M4	foldmason_lol	1805
A0A7V3QYX8	clustalo	695
A0A2E5EG28	caretta	161
A0A7K0JS47	usalign	2536
A0A6H5IZH7	foldmason_lol	2320
L8LTQ4	clustalo	927
A0A150M8U2	foldmason_lol	205
A0A6B0X6C9	matt	3981
U7L1T7	famsa	184
A0A2M7QJ61	foldmason_lol	533
D3TB77	mtmalign	874
A0A5Q0EJY6	usalign	219
A0A345XNH5	mustang	909
A0A7V9HBP6	clustalo	212
A0A644Y0F6	caretta	470
A0A2W5JG19	mtmalign	231
A0A6J4UFW7	caretta	453
A0A7C7KA74	clustalo	1064
F5YND8	matt	804
A0A7R9A562	usalign	1374
A0A7V3RQS4	caretta	606
A0A8B6H5Z5	usalign	1739
A0A841FY34	clustalo	786
A0A4V1M1V7	famsa	197
A0A811X6M4	foldmason_refine100	805
A0A7V3QYX8	famsa	494
L9WUI5	usalign	3419
A0A2K2FPG0	matt	157
Q0HSW5	caretta	261
A0A7K0JS47	mustang	1108
H3BGA4	mtmalign	533
L8LTQ4	famsa	714
F6CXK8	famsa	162
A0A841GQ48	foldmason_refine100	630
A0A2W5JG19	usalign	201
A0A841HGH3	caretta	192
A0A5Q0EJY6	mustang	213
A0A6H5IZH7	foldmason_refine100	533
D3JVD5	mustang	554
A0A2M7QJ61	foldmason_refine100	497
A0A7C7KA74	famsa	1139
A0A2E5EG28	matt	199
A0A7R9A562	mustang	1101
A0A841FY34	famsa	772
A0A8B6H5Z5	mustang	719
U7L1T7	mafft	183
A0A644Y0F6	matt	4866
A0A4V1M1V7	mafft	196
A0A6J4UFW7	matt	726
A0A811X6M4	muscle	963
D3TB77	usalign	606
A0A7V9HBP6	famsa	202
F5YND8	mtmalign	708
A0A345XNH5	clustalo	676
A0A150M8U2	foldmason_refine100	200
L8LTQ4	mafft	858
A0A6B0X6C9	mtmalign	2323
A0A7V3RQS4	matt	6193
A0A2W5JG19	mustang	211
L9WUI5	mustang	1294
A0A7V3QYX8	mafft	671
H3BGA4	usalign	442
A0A7C7KA74	mafft	1116
Q0HSW5	matt	870
A0A7K0JS47	clustalo	814
F6CXK8	mafft	161
A0A841HGH3	matt	269
A0A2K2FPG0	mtmalign	158
A0A7R9A562	clustalo	857
A0A841FY34	mafft	775
A0A811X6M4	caretta	458
A0A8B6H5Z5	clustalo	522
A0A6H5IZH7	muscle	666
A0A5Q0EJY6	clustalo	179
A0A345XNH5	famsa	701
L8LTQ4	3dcoffee	895
A0A841GQ48	muscle	795
A0A2E5EG28	mtmalign	217
A0A6J4UFW7	mtmalign	741
D3JVD5	clustalo	371
A0A4V1M1V7	3dcoffee	185
A0A7V9HBP6	mafft	193
A0A6B0X6C9	usalign	1844
U7L1T7	3dcoffee	177
A0A644Y0F6	mtmalign	3462
A0A2W5JG19	clustalo	232
A0A2M7QJ61	muscle	480
F5YND8	usalign	614
A0A7V3RQS4	mtmalign	4326
A0A7C7KA74	3dcoffee	1075
A0A150M8U2	muscle	214
D3TB77	mustang	565
A0A7R9A562	famsa	842
A0A2K2FPG0	usalign	155
L9WUI5	clustalo	1113
A0A7V3QYX8	3dcoffee	614
A0A8B6H5Z5	famsa	503
A0A841FY34	3dcoffee	865
A0A345XNH5	mafft	690
A0A811X6M4	matt	4113
H3BGA4	mustang	374
A0A6J4UFW7	usalign	522
A0A5Q0EJY6	famsa	179
Q0HSW5	mtmalign	702
F6CXK8	3dcoffee	159
A0A841GQ48	caretta	555
A0A7V9HBP6	3dcoffee	184
A0A6H5IZH7	caretta	451
A0A7K0JS47	famsa	712
A0A841HGH3	mtmalign	260
A0A2W5JG19	famsa	189
A0A6B0X6C9	mustang	807
A0A7R9A562	mafft	863
A0A7V3RQS4	usalign	3404
A0A2E5EG28	usalign	184
F5YND8	mustang	284
A0A2M7QJ61	caretta	443
A0A644Y0F6	usalign	2782
D3JVD5	famsa	336
A0A8B6H5Z5	mafft	520
A0A345XNH5	3dcoffee	680
A0A811X6M4	mtmalign	3006
H3BGA4	clustalo	302
A0A2K2FPG0	mustang	156
A0A150M8U2	caretta	185
Q0HSW5	usalign	599
D3TB77	clustalo	492
L9WUI5	famsa	757
A0A2W5JG19	mafft	192
A0A6J4UFW7	mustang	552
A0A5Q0EJY6	mafft	183
A0A6H5IZH7	matt	2361
A0A7X9A1N2	foldmason	727
A0A7V3RQS4	mustang	1445
A0A7K0JS47	mafft	819
A0A841GQ48	matt	3304
A0A841HGH3	usalign	218
A0A8B6H5Z5	3dcoffee	476
A0A6B0X6C9	clustalo	737
A0A7R9A562	3dcoffee	922
A0A7X0H801	foldmason	674
A0A2E5EG28	mustang	195
A0A7X9B9L0	foldmason	1262
A0A644Y0F6	mustang	1219
F5YND8	clustalo	191
D3JVD5	mafft	368
A0A2M7QJ61	matt	1865
A0A2E8KWW7	foldmason	169
D3TB77	famsa	502
A0A2W5JG19	3dcoffee	217
A0A5Q0EJY6	3dcoffee	179
A0A150M8U2	matt	356
A0A2K2FPG0	clustalo	155
Q0HSW5	mustang	475
A0A7X9A1N2	foldmason_lol	819
A0A7V3RQS4	clustalo	1104
L9WUI5	mafft	1028
A0A811X6M4	usalign	2450
H3BGA4	famsa	271
A0A357BIX1	foldmason	1589
A0A6J4UFW7	clustalo	470
A0A662C4G2	foldmason	943
A0A6H5IZH7	mtmalign	2068
A0A7K0JS47	3dcoffee	895
A0A7X9B9L0	foldmason_lol	3710
A0A7X0H801	foldmason_lol	3320
A0A2E8KWW7	foldmason_lol	182
E8N900	foldmason	1205
A0A6B0X6C9	famsa	555
A0A1G9C126	foldmason	169
A0A841GQ48	mtmalign	2291
A0A841HGH3	mustang	239
A0A2E5EG28	clustalo	164
F5YND8	famsa	146
A0A7X9A1N2	foldmason_refine100	718
D3JVD5	3dcoffee	344
A0A2M7QJ61	mtmalign	1012
Q0HSW5	clustalo	290
A0A811X6M4	mustang	1181
A0A357BIX1	foldmason_lol	4838
A0A644Y0F6	clustalo	919
A0A848RSI4	foldmason	899
A0A6J4UFW7	famsa	476
D3TB77	mafft	492
A0A7V3RQS4	famsa	763
A0A150M8U2	mtmalign	315
A0A7X9B9L0	foldmason_refine100	1210
A0A2K2FPG0	famsa	155
L9WUI5	3dcoffee	897
H3BGA4	mafft	307
A0A7X0H801	foldmason_refine100	667
A0A662C4G2	foldmason_lol	1572
A0A2E8KWW7	foldmason_refine100	169
E8N900	foldmason_lol	2836
E3J717	foldmason	503
A0A7X9A1N2	muscle	835
A0A1G9C126	foldmason_lol	175
A0A6H5IZH7	usalign	1734
A0A6B0X6C9	mafft	578
A0A357BIX1	foldmason_refine100	1555
A0A811X6M4	clustalo	848
A0A838HGE3	foldmason	705
F5YND8	mafft	178
A0A848RSI4	foldmason_lol	1023
A0A7V3RQS4	mafft	846
D3TB77	3dcoffee	482
A0A841HGH3	clustalo	204
A0A841GQ48	usalign	2021
A0A2K2FPG0	mafft	155
A0A7X9B9L0	muscle	1344
A0A2M7QJ61	usalign	711
A0A6J4UFW7	mafft	467
A0A644Y0F6	famsa	662
A0A2E5EG28	famsa	163
A0A7X0H801	muscle	826
Q0HSW5	famsa	293
E3J717	foldmason_lol	1314
A0A662C4G2	foldmason_refine100	935
A0A7X9A1N2	caretta	697
H3BGA4	3dcoffee	263
A0A654D339	foldmason	433
E8N900	foldmason_refine100	1157
A0A150M8U2	usalign	244
A0A352VZ14	foldmason	954
A0A1G9C126	foldmason_refine100	169
A0A2E8KWW7	muscle	183
A0A839IJ68	foldmason	456
F5YND8	3dcoffee	141
A0A6H5IZH7	mustang	735
A0A811X6M4	famsa	619
A0A6B0X6C9	3dcoffee	653
A0A7V3RQS4	3dcoffee	955
A0A848RSI4	foldmason_refine100	864
A0A838HGE3	foldmason_lol	1346
A0A803J2S0	foldmason	549
A0A357BIX1	muscle	1855
A0A841HGH3	famsa	203
A0A6J4UFW7	3dcoffee	453
A0A662C4G2	muscle	1093
A0A7X9A1N2	matt	1051
A0A841GQ48	mustang	823
A0A2K2FPG0	3dcoffee	169
E3J717	foldmason_refine100	498
A0A7D9I810	foldmason	555
A0A7X9B9L0	caretta	804
E8N900	muscle	1378
A0A2E5EG28	mafft	166
A0A352VZ14	foldmason_lol	4272
Q0HSW5	mafft	297
A0A839IJ68	foldmason_lol	989
A0A1G9C126	muscle	186
A0A2E8KWW7	caretta	172
A0A644Y0F6	mafft	758
A0A2M7QJ61	mustang	577
A0A150M8U2	mustang	244
A0A654D339	foldmason_lol	1512
A0A7X0H801	caretta	561
A0A811X6M4	mafft	786
A0A848RSI4	muscle	1172
A0A838HGE3	foldmason_refine100	694
A0A803J2S0	foldmason_lol	1591
A0A662C4G2	caretta	689
A0A357BIX1	caretta	875
A0A6H5IZH7	clustalo	520
A0A7X9A1N2	mtmalign	1063
A0A841HGH3	mafft	198
E3J717	muscle	672
E8N900	caretta	654
A0A7D9I810	foldmason_lol	610
A0A839IJ68	foldmason_refine100	445
A0A7C6SBR4	foldmason	1056
A0A2E8KWW7	matt	209
A0A352VZ14	foldmason_refine100	924
A0A841GQ48	clustalo	668
A0A654D339	foldmason_refine100	432
A0A7X9B9L0	matt	5999
A0A7X5R0W0	foldmason	1151
Q0HSW5	3dcoffee	278
A0A848RSI4	caretta	640
A0A644Y0F6	3dcoffee	801
A0A1G9C126	caretta	167
A0A150M8U2	clustalo	253
A0A2M7QJ61	clustalo	458
A0A7X9A1N2	usalign	768
A0A838HGE3	muscle	780
A0A7X0H801	matt	5052
A0A662C4G2	matt	5365
A0A2E5EG28	3dcoffee	162
A0A803J2S0	foldmason_refine100	545
A0A357BIX1	matt	6468
A0A811X6M4	3dcoffee	796
A0A7D9I810	foldmason_refine100	532
A0A841HGH3	3dcoffee	202
S7TGR0	foldmason	1171
E3J717	caretta	313
A0A7C6SBR4	foldmason_lol	1077
L0IAI9	foldmason	630
A0A352VZ14	muscle	1208
E8N900	matt	6775
A0A402ABK4	foldmason	231
A0A2R6CQZ8	foldmason	1184
A0A2E8KWW7	mtmalign	207
A0A654D339	muscle	537
A0A6H5IZH7	famsa	520
K6ACG0	foldmason	980
A0A839IJ68	muscle	474
A0A7X5R0W0	foldmason_lol	3118
A0A841GQ48	famsa	699
A0A7X9B9L0	mtmalign	5500
A0A803J2S0	muscle	694
A0A357BIX1	mtmalign	6030
A0A848RSI4	matt	2432
A0A838HGE3	caretta	593
A0A662C4G2	mtmalign	3309
A0A7D9I810	muscle	544
A0A1G9C126	matt	195
A0A150M8U2	famsa	176
E3J717	matt	3002
S7TGR0	foldmason_lol	2803
A0A2M7QJ61	famsa	468
A0A7X9A1N2	mustang	898
A0A7C6SBR4	foldmason_refine100	1055
A0A7X0H801	mtmalign	2728
A0A352VZ14	caretta	682
L0IAI9	foldmason_lol	1003
E8N900	mtmalign	4338
A0A2E8KWW7	usalign	186
A0A654D339	caretta	399
A0A7X5R0W0	foldmason_refine100	1092
K6ACG0	foldmason_lol	2676
A0A402ABK4	foldmason_lol	234
A0A7X9B9L0	usalign	4501
A0A841GQ48	mafft	655
A0A6H5IZH7	mafft	544
A0A7T8YPS0	foldmason	842
A0A662C4G2	usalign	2577
A0A839IJ68	caretta	358
A0A803J2S0	caretta	470
A0A7D9I810	caretta	472
A0A357BIX1	usalign	4432
A0A838HGE3	matt	2729
A0A7W0UR24	foldmason	201
S7TGR0	foldmason_refine100	1175
A0A848RSI4	mtmalign	1951
A0A2R6CQZ8	foldmason_lol	2336
A0A7X9A1N2	clustalo	738
A0A150M8U2	mafft	212
E3J717	mtmalign	1929
A0A7C6SBR4	muscle	1128
L0IAI9	foldmason_refine100	629
A0A352VZ14	matt	6881
Q384X5	foldmason	778
A0A2E8KWW7	mustang	199
A0A654D339	matt	2237
A0A1G9C126	mtmalign	197
E8N900	usalign	3731
A0A2M7QJ61	mafft	459
A0A402ABK4	foldmason_refine100	228
K6ACG0	foldmason_refine100	975
A0A832CAN4	foldmason	201
A0A7X0H801	usalign	2292
A0A7T8YPS0	foldmason_lol	4470
A0A7X5R0W0	muscle	1305
B4WMN9	foldmason	688
A0A7D9I810	matt	969
A0A803J2S0	matt	2174
S7TGR0	muscle	1419
A0A7X9B9L0	mustang	1474
A0A838HGE3	mtmalign	1906
A0A357BIX1	mustang	2240
A0A848RSI4	usalign	1271
A0A662C4G2	mustang	1192
A0A841GQ48	3dcoffee	647
A0A7X9A1N2	famsa	789
E3J717	usalign	1671
A0A6H5IZH7	3dcoffee	467
A0A7C6SBR4	caretta	1031
A0A839IJ68	matt	1576
L0IAI9	muscle	765
A0A2E8KWW7	clustalo	173
A0A402ABK4	muscle	296
A0A2M7QJ61	3dcoffee	458
A0A654D339	mtmalign	1649
A0A352VZ14	mtmalign	3549
K6ACG0	muscle	1100
E8N900	mustang	1577
A0A7W0UR24	foldmason_lol	193
A0A150M8U2	3dcoffee	201
A0A2R6CQZ8	foldmason_refine100	1150
Q384X5	foldmason_lol	3840
A0A1G9C126	usalign	175
A0A7D9I810	mtmalign	925
A0A7T8YPS0	foldmason_refine100	832
A0A7X0H801	mustang	926
A0A832CAN4	foldmason_lol	393
A0A848RSI4	mustang	1239
A0A7C6SBR4	matt	1622
A0A662C4G2	clustalo	909
A0A803J2S0	mtmalign	1999
A0A7X5R0W0	caretta	586
E3J717	mustang	857
A0A7X9A1N2	mafft	733
S7TGR0	caretta	826
B4WMN9	foldmason_lol	1931
A0A838HGE3	usalign	1403
L0IAI9	caretta	442
A0A839IJ68	mtmalign	1424
A0A7X9B9L0	clustalo	1086
A0A357BIX1	clustalo	1331
E8N900	clustalo	1099
K6ACG0	caretta	695
A0A402ABK4	caretta	207
A0A352VZ14	usalign	3502
A0A2E8KWW7	famsa	173
A0A654D339	usalign	1151
A0A7W0UR24	foldmason_refine100	195
A0A7T8YPS0	muscle	847
A0A7D9I810	usalign	762
A0A2R6CQZ8	muscle	1431
Q384X5	foldmason_refine100	775
A0A1G9C126	mustang	192
A0A7X0H801	clustalo	811
S7TGR0	matt	7146
A0A7X9A1N2	3dcoffee	709
A0A7C6SBR4	mtmalign	1486
B4WMN9	foldmason_refine100	682
A0A803J2S0	usalign	1618
A0A662C4G2	famsa	844
L0IAI9	matt	2330
E8N900	famsa	825
F7V756	foldmason	437
A0A402ABK4	matt	307
A0A357BIX1	famsa	1359
A0A654D339	mustang	579
A0A848RSI4	clustalo	969
A0A352VZ14	mustang	1240
E3J717	clustalo	545
A0A2E8KWW7	mafft	176
A0A839IJ68	usalign	1281
A0A838HGE3	mustang	884
A0A2N2FFV9	foldmason	170
A0A7D9I810	mustang	632
A0A832CAN4	foldmason_refine100	196
A0A7X9B9L0	famsa	1091
A0A7W0UR24	muscle	208
A0A7T8YPS0	caretta	705
K6ACG0	matt	5555
A0A7X5R0W0	matt	6417
A0A2R6CQZ8	caretta	739
Q3SL35	foldmason	316
A0A7X0H801	famsa	639
S7TGR0	mtmalign	4714
Q384X5	muscle	883
A0A803J2S0	mustang	987
A0A662C4G2	mafft	889
A0A7C6SBR4	usalign	1073
B4WMN9	muscle	741
A0A1G9C126	clustalo	180
A0A352VZ14	clustalo	928
A0A848RSI4	famsa	688
A0A357BIX1	mafft	1426
A0A654D339	clustalo	446
E8N900	mafft	990
L0IAI9	mtmalign	1725
E3J717	famsa	467
A0A402ABK4	mtmalign	313
F7V756	foldmason_lol	775
A0A2N2FFV9	foldmason_lol	180
A0A7T8YPS0	matt	5729
A0A7W0UR24	caretta	186
A0A832CAN4	muscle	234
R8GWM8	foldmason	187
A0A2E8KWW7	3dcoffee	176
K6ACG0	mtmalign	3814
A0A2R6CQZ8	matt	4045
Q3SL35	foldmason_lol	526
A0A839IJ68	mustang	565
A0A7D9I810	clustalo	513
S7TGR0	usalign	3824
A0A7X9B9L0	mafft	1134
A0A838HGE3	clustalo	674
A0A7X5R0W0	mtmalign	4413
A0A803J2S0	clustalo	584
B4WMN9	caretta	570
A0A7C6SBR4	mustang	1228
A0A662C4G2	3dcoffee	899
A0A1G9C126	famsa	176
Q384X5	caretta	714
A0A7X0H801	mafft	647
A0A654D339	famsa	450
A0A357BIX1	3dcoffee	1147
A0A352VZ14	famsa	1023
A0A402ABK4	usalign	244
E3J717	mafft	522
E8N900	3dcoffee	1218
A0A848RSI4	mafft	972
M5RUD2	foldmason	951
K6ACG0	usalign	2727
F7V756	foldmason_refine100	425
R8GWM8	foldmason_lol	809
Q3SL35	foldmason_refine100	311
L0IAI9	usalign	1475
A0A832CAN4	caretta	189
S7TGR0	mustang	1589
A0A7C6SBR4	clustalo	1055
A0A7T8YPS0	mtmalign	4735
A0A7D9I810	famsa	500
B4WMN9	matt	3603
A0A7W0UR24	matt	266
A0A2N2FFV9	foldmason_refine100	170
A0A7X5R0W0	usalign	3806
A0A839IJ68	clustalo	392
A0A2R6CQZ8	mtmalign	3310
A0A352VZ14	mafft	1013
A0A654D339	mafft	418
A0A402ABK4	mustang	267
A0A803J2S0	famsa	540
A0A838HGE3	famsa	677
Q384X5	matt	6542
A0A7X9B9L0	3dcoffee	913
E3J717	3dcoffee	574
M5RUD2	foldmason_lol	1780
A0A7X0H801	3dcoffee	633
K6ACG0	mustang	1313
R8GWM8	foldmason_refine100	185
Q3SL35	muscle	385
A0A1G9C126	mafft	168
A0A848RSI4	3dcoffee	816
F7V756	muscle	544
A0A7W0UR24	mtmalign	275
A0A2N2FFV9	muscle	177
L0IAI9	mustang	753
A0A7T8YPS0	usalign	3721
B4WMN9	mtmalign	3096
A0A832CAN4	matt	1111
A0A352VZ14	3dcoffee	961
A0A7X5R0W0	mustang	1746
S7TGR0	clustalo	1290
A0A7D9I810	mafft	511
A0A7C6SBR4	famsa	1110
A0A402ABK4	clustalo	262
A0A803J2S0	mafft	562
A0A838HGE3	mafft	662
A0A654D339	3dcoffee	396
M5RUD2	foldmason_refine100	932
A0A839IJ68	famsa	391
A0A2R6CQZ8	usalign	2548
Q3SL35	caretta	271
Q384X5	mtmalign	3549
R8APS3	foldmason	219
K6ACG0	clustalo	943
W0E3L2	foldmason	439
R8GWM8	muscle	301
A0A7W0UR24	usalign	313
A0A2N2FFV9	caretta	162
A0A847S9B0	foldmason	160
F7V756	caretta	328
A0A7T8YPS0	mustang	1057
A0A1G9C126	3dcoffee	198
B4WMN9	usalign	2429
L0IAI9	clustalo	591
S7TGR0	famsa	1010
A0A832CAN4	mtmalign	476
A0A402ABK4	famsa	236
A0A7X5R0W0	clustalo	1234
A0A7C6SBR4	mafft	1048
R1FSM3	foldmason	1059
M5RUD2	muscle	1025
A0A2R6CQZ8	mustang	1446
A0A838HGE3	3dcoffee	721
A0A7D9I810	3dcoffee	498
Q3SL35	matt	1909
A0A803J2S0	3dcoffee	470
K6ACG0	famsa	886
Q384X5	usalign	3152
A0A839IJ68	mafft	433
W0E3L2	foldmason_lol	1471
R8GWM8	caretta	181
R8APS3	foldmason_lol	566
A0A7W0UR24	mustang	194
A0A2N2FFV9	matt	204
A0A7T8YPS0	clustalo	833
A0A847S9B0	foldmason_lol	163
B9LR42	foldmason	832
S7TGR0	mafft	1229
B4WMN9	mustang	830
F7V756	matt	2776
A0A402ABK4	mafft	234
L0IAI9	famsa	527
A0A7C6SBR4	3dcoffee	1082
A0A832CAN4	usalign	455
M5RUD2	caretta	737
A0A7X5R0W0	famsa	809
Q3SL35	mtmalign	1078
R1FSM3	foldmason_lol	1948
R8GWM8	matt	1319
K6ACG0	mafft	928
A0A2R6CQZ8	clustalo	1102
R8APS3	foldmason_refine100	216
A0A6L9XVA4	foldmason	163
W0E3L2	foldmason_refine100	427
A0A3A9I9T1	foldmason	775
A0A7W0UR24	clustalo	207
E6TTB4	foldmason	380
Q384X5	mustang	1176
A0A847S9B0	foldmason_refine100	160
A0A839IJ68	3dcoffee	393
B4WMN9	clustalo	689
S7TGR0	3dcoffee	742
A0A7T8YPS0	famsa	810
A0A402ABK4	3dcoffee	230
A0A2N2FFV9	mtmalign	207
B9LR42	foldmason_lol	3561
Q3SL35	usalign	953
F7V756	mtmalign	1631
A0A832CAN4	mustang	260
A0A1M3NI87	foldmason	675
L0IAI9	mafft	584
M5RUD2	matt	7158
R8GWM8	mtmalign	805
A0A7X5R0W0	mafft	986
A0A6N8HBF9	foldmason	828
K6ACG0	3dcoffee	899
R8APS3	muscle	247
R1FSM3	foldmason_refine100	1034
A0A7W0UR24	famsa	208
W0E3L2	muscle	517
A0A6L9XVA4	foldmason_lol	172
A0A2R6CQZ8	famsa	888
A0A847S9B0	muscle	161
B4WMN9	famsa	694
A0A7J5VQD9	foldmason	518
E6TTB4	foldmason_lol	731
A0A3A9I9T1	foldmason_lol	1667
A0A7T8YPS0	mafft	814
Q384X5	clustalo	814
A0A5B9YQE2	foldmason	637
Q3SL35	mustang	496
A0A2N2FFV9	usalign	190
B9LR42	foldmason_refine100	803
A0A1M3NI87	foldmason_lol	1785
A0A7X5R0W0	3dcoffee	1088
M5RUD2	mtmalign	3668
R8GWM8	usalign	924
L0IAI9	3dcoffee	632
A0A2E1ZTZ4	foldmason	163
F7V756	usalign	1623
A0A7W0UR24	mafft	207
A0A832CAN4	clustalo	204
A0A6L9XVA4	foldmason_refine100	163
W0E3L2	caretta	343
A0A6N8HBF9	foldmason_lol	2049
R8APS3	caretta	196
A0A847S9B0	caretta	161
B4WMN9	mafft	692
R1FSM3	muscle	1171
A0A2R6CQZ8	mafft	1045
E6TTB4	foldmason_refine100	371
A0A7T8YPS0	3dcoffee	719
A0A3A9I9T1	foldmason_refine100	755
A0A2N2FFV9	mustang	188
B9LR42	muscle	1080
Q384X5	famsa	772
A0A7X9HAB4	foldmason	776
A0A2A3AK07	foldmason	1707
A0A7J5VQD9	foldmason_lol	1415
R8GWM8	mustang	343
Q3SL35	clustalo	390
M5RUD2	usalign	3529
A0A5B9YQE2	foldmason_lol	1288
F7V756	mustang	622
A0A2E1ZTZ4	foldmason_lol	163
A0A3L7UVH3	foldmason	1330
A0A832CAN4	famsa	199
A0A7W0UR24	3dcoffee	177
A0A1M3NI87	foldmason_refine100	672
A0A5C7EHW3	foldmason	495
A0A6N8HBF9	foldmason_refine100	824
W0E3L2	matt	1725
R8APS3	matt	849
A0A847S9B0	matt	173
B4WMN9	3dcoffee	566
R1FSM3	caretta	887
A0A2R6CQZ8	3dcoffee	1142
A0A3A9I9T1	muscle	888
A0A6L9XVA4	muscle	166
E6TTB4	muscle	442
A0A2N2FFV9	clustalo	170
B9LR42	caretta	445
A0A2A3AK07	foldmason_lol	5568
A0A3D8ICB5	foldmason	164
A0A7J5VQD9	foldmason_refine100	514
A0A350T754	foldmason	230
Q3SL35	famsa	266
R8GWM8	clustalo	235
A0A5B9YQE2	foldmason_refine100	634
A0A7X9HAB4	foldmason_lol	1880
Q384X5	mafft	804
F7V756	clustalo	442
A0A832CAN4	mafft	218
A0A6N8HBF9	muscle	961
M5RUD2	mustang	1184
A0A1G1JTQ0	foldmason	186
A0A1M3NI87	muscle	751
A0A3L7UVH3	foldmason_lol	1564
W0E3L2	mtmalign	1575
A0A847S9B0	mtmalign	171
A0A2E1ZTZ4	foldmason_refine100	160
R1FSM3	matt	2505
A0A3A9I9T1	caretta	633
A0A5C7EHW3	foldmason_lol	565
R8APS3	mtmalign	566
E6TTB4	caretta	347
A0A6L9XVA4	caretta	158
B9LR42	matt	4852
A0A7J5VQD9	muscle	746
A0A350T754	foldmason_lol	234
A0A2N2FFV9	famsa	166
A0A7C1VXD0	foldmason	173
Q3SL35	mafft	333
R8GWM8	famsa	213
B2A5F0	foldmason	587
A0A2A3AK07	foldmason_refine100	1684
F7V756	famsa	389
Q384X5	3dcoffee	686
A0A5B9YQE2	muscle	767
A0A3D8ICB5	foldmason_lol	163
A0A832CAN4	3dcoffee	199
M5RUD2	clustalo	1026
A0A6N8HBF9	caretta	669
A0A1G1JTQ0	foldmason_lol	209
A0A1M3NI87	caretta	573
W0E3L2	usalign	1195
A0A847S9B0	usalign	161
A0A3L7UVH3	foldmason_refine100	1319
A0A3A9I9T1	matt	4345
A0A2E1ZTZ4	muscle	169
A0A7X9HAB4	foldmason_refine100	752
R8APS3	usalign	617
A0A5C7EHW3	foldmason_refine100	482
A0A6L9XVA4	matt	192
A0A832GZM8	foldmason	407
A0A7J5VQD9	caretta	397
R1FSM3	mtmalign	2449
B9LR42	mtmalign	3314
Q3SL35	3dcoffee	359
A0A2N2FFV9	mafft	166
A0A350T754	foldmason_refine100	230
E6TTB4	matt	1124
A0A1F6CR99	foldmason	218
R8GWM8	mafft	225
B2A5F0	foldmason_lol	4074
W7QDU7	foldmason	394
A0A7C1VXD0	foldmason_lol	190
A0A3D8ICB5	foldmason_refine100	159
A0A5B9YQE2	caretta	559
M5RUD2	famsa	801
A0A1G1JTQ0	foldmason_refine100	184
A0A1M3NI87	matt	3748
A0A6N8HBF9	matt	4482
F7V756	mafft	417
R8APS3	mustang	282
A0A2A3AK07	muscle	2388
A0A7X9HAB4	muscle	968
A0A3L7UVH3	muscle	1412
A0A847S9B0	mustang	178
A0A2E1ZTZ4	caretta	158
A0A6L9XVA4	mtmalign	220
A0A5C7EHW3	muscle	557
W0E3L2	mustang	741
A0A3A9I9T1	mtmalign	3081
A0A7J5VQD9	matt	3421
R1FSM3	usalign	1690
A0A832GZM8	foldmason_lol	412
B9LR42	usalign	3093
R8GWM8	3dcoffee	173
A0A1F6CR99	foldmason_lol	254
A0A350T754	muscle	241
A0A2N2FFV9	3dcoffee	174
E6TTB4	mtmalign	1087
B2A5F0	foldmason_refine100	586
A0A7C1VXD0	foldmason_refine100	172
W7QDU7	foldmason_lol	420
A0A1M3NI87	mtmalign	3182
M5RUD2	mafft	861
A0A5B9YQE2	matt	3274
A0A1G1JTQ0	muscle	194
A0A6N8HBF9	mtmalign	3035
A0A3D8ICB5	muscle	162
A0A7X9HAB4	caretta	603
A0A3L7UVH3	caretta	1265
R8APS3	clustalo	217
A0A2A3AK07	caretta	950
A0A6L9XVA4	usalign	181
A0A847S9B0	clustalo	160
W0E3L2	clustalo	455
A0A3M2GBG4	foldmason	1023
A0A3A9I9T1	usalign	2408
A0A832GZM8	foldmason_refine100	404
F7V756	3dcoffee	493
A0A2E1ZTZ4	matt	186
B9LR42	mustang	1337
A0A5C7EHW3	caretta	459
A0A1F6CR99	foldmason_refine100	212
A0A850SNP2	foldmason	120
A0A350T754	caretta	199
A0A7C1VXD0	muscle	172
E6TTB4	usalign	898
A0A1M3NI87	usalign	2486
R1FSM3	mustang	1598
A0A7J5VQD9	mtmalign	2083
M5RUD2	3dcoffee	883
V2YI92	foldmason	170
A0A5B9YQE2	mtmalign	2032
A0A6N8HBF9	usalign	2515
B2A5F0	muscle	666
W7QDU7	foldmason_refine100	390
A0A1G1JTQ0	caretta	169
A0A3L7UVH3	matt	2025
R8APS3	famsa	230
A0A847S9B0	famsa	163
A0A6L9XVA4	mustang	185
A0A3A9I9T1	mustang	968
A0A2A3AK07	matt	8892
A0A3D8ICB5	caretta	157
A0A3M2GBG4	foldmason_lol	2587
A0A7X9HAB4	matt	3359
A0A350T754	matt	306
W0E3L2	famsa	383
B9LR42	clustalo	896
A0A5C7EHW3	matt	2022
A0A1F6CR99	muscle	222
A0A7C1VXD0	caretta	168
A0A832GZM8	muscle	401
A0A1M3NI87	mustang	935
A0A7J5VQD9	usalign	1675
E6TTB4	mustang	513
A0A2E1ZTZ4	mtmalign	183
A0A850SNP2	foldmason_lol	477
A0A6N8HBF9	mustang	1136
A0A5B9YQE2	usalign	1446
R1FSM3	clustalo	973
A0A1G1JTQ0	matt	250
W7QDU7	muscle	396
B2A5F0	caretta	463
A0A849TDM4	foldmason	591
A0A847S9B0	mafft	163
V2YI92	foldmason_lol	487
A0A6L9XVA4	clustalo	196
A0A835QTZ3	foldmason	883
A0A3A9I9T1	clustalo	696
R8APS3	mafft	221
A0A7X9HAB4	mtmalign	2529
A0A3L7UVH3	mtmalign	1945
A0A1M3NI87	clustalo	650
A0A3D8ICB5	matt	180
A0A2A3AK07	mtmalign	6158
A0A1F6CR99	caretta	208
A0A2E1ZTZ4	usalign	161
E6TTB4	clustalo	387
A0A7C1VXD0	matt	230
W0E3L2	mafft	437
A0A832GZM8	caretta	374
A0A850SNP2	foldmason_refine100	120
B9LR42	famsa	588
A0A6N8HBF9	clustalo	823
A0A3M2GBG4	foldmason_refine100	1008
A0A350T754	mtmalign	327
W7QDU7	caretta	347
A0A537I120	foldmason	548
R1FSM3	famsa	1013
A0A1G1JTQ0	mtmalign	261
A0A5C7EHW3	mtmalign	1164
A0A7J5VQD9	mustang	806
A0A835QTZ3	foldmason_lol	1511
A0A3A9I9T1	famsa	708
V2YI92	foldmason_refine100	170
A0A847S9B0	3dcoffee	165
B2A5F0	matt	4534
A0A6L9XVA4	famsa	158
A0A849TDM4	foldmason_lol	619
A0A5B9YQE2	mustang	811
R8APS3	3dcoffee	202
A0A7X9HAB4	usalign	2106
A0A838SJH4	foldmason	169
A0A1M3NI87	famsa	596
A0A2A3AK07	usalign	5231
W0E3L2	3dcoffee	335
A0A3M2GBG4	muscle	1235
E6TTB4	famsa	403
A0A7C1VXD0	mtmalign	229
B9LR42	mafft	849
A0A850SNP2	muscle	141
A0A3L7UVH3	usalign	1551
W7QDU7	matt	771
A0A3D8ICB5	mtmalign	186
A0A1G1JTQ0	usalign	208
A0A6N8HBF9	famsa	793
A0A2E1ZTZ4	mustang	188
A0A5C7EHW3	usalign	846
R1FSM3	mafft	1035
A0A1F6CR99	matt	327
A0A350T754	usalign	249
A0A835QTZ3	foldmason_refine100	863
A0A832GZM8	matt	920
V2YI92	muscle	192
A0A3A9I9T1	mafft	743
A0A6L9XVA4	mafft	158
A0A7J5VQD9	clustalo	670
A0A5B9YQE2	clustalo	722
A0A2A3AK07	mustang	2458
A0A838SJH4	foldmason_lol	169
A0A7X9HAB4	mustang	980
A0A537I120	foldmason_lol	580
B2A5F0	mtmalign	3469
A0A849TDM4	foldmason_refine100	576
A0A3M2GBG4	caretta	575
A0A7C1VXD0	usalign	199
E6TTB4	mafft	384
A0A1M3NI87	mafft	659
W7QDU7	mtmalign	641
A0A2E1ZTZ4	clustalo	160
A0A850SNP2	caretta	113
A0A3L7UVH3	mustang	1603
B9LR42	3dcoffee	885
A0A350T754	mustang	261
A0A6N8HBF9	mafft	820
R1FSM3	3dcoffee	923
A0A832GZM8	mtmalign	713
A0A1F6CR99	mtmalign	320
A0A835QTZ3	muscle	987
A0A3A9I9T1	3dcoffee	643
A0A3D8ICB5	usalign	166
A0A1G1JTQ0	mustang	225
A0A6L9XVA4	3dcoffee	172
A0A5C7EHW3	mustang	647
V2YI92	caretta	161
A0A7J5VQD9	famsa	537
A0A2A3AK07	clustalo	1971
A0A5B9YQE2	famsa	608
A9WQP9	foldmason	278
A0A537I120	foldmason_refine100	542
A0A838SJH4	foldmason_refine100	168
A0A849TDM4	muscle	668
B2A5F0	usalign	3375
E6TTB4	3dcoffee	346
A0A7X9HAB4	clustalo	735
A0A1H3Q0U3	foldmason	754
A0A7C1VXD0	mustang	211
A0A1M3NI87	3dcoffee	554
A0A850SNP2	matt	631
A0A3L7UVH3	clustalo	1284
A0A2E1ZTZ4	famsa	165
A0A1F6CR99	usalign	265
A0A3M2GBG4	matt	6141
W7QDU7	usalign	463
A0A832GZM8	usalign	505
A0A7V1EGX4	foldmason	514
A0A6N8HBF9	3dcoffee	687
A0A3D8ICB5	mustang	181
A0A835QTZ3	caretta	715
A0A350T754	clustalo	213
A0A7J5VQD9	mafft	632
A9WQP9	foldmason_lol	272
A0A5C7EHW3	clustalo	514
A0A537I120	muscle	591
A0A5B9YQE2	mafft	638
A0A2A3AK07	famsa	1304
A0A849TDM4	caretta	525
A0A838SJH4	muscle	172
V2YI92	matt	811
A0A1G1JTQ0	clustalo	177
A0A7X9HAB4	famsa	717
A0A1H3Q0U3	foldmason_lol	1485
A0A3L7UVH3	famsa	1412
B2A5F0	mustang	907
A0A2E1ZTZ4	mafft	158
A0A850SNP2	mtmalign	499
A0A1F6CR99	mustang	278
A0A3M2GBG4	mtmalign	3953
A0A7C1VXD0	clustalo	172
A0A832GZM8	mustang	447
W7QDU7	mustang	478
B2IJL3	foldmason	185
A0A7V1EGX4	foldmason_lol	1281
A0A835QTZ3	matt	2473
A0A3D8ICB5	clustalo	170
A0A350T754	famsa	208
A9WQP9	foldmason_refine100	274
A0A7J5VQD9	3dcoffee	544
A0A5B9YQE2	3dcoffee	544
A0A1I3M533	foldmason	1141
A0A537I120	caretta	517
A0A5C7EHW3	famsa	493
V2YI92	mtmalign	692
A0A1G1JTQ0	famsa	177
A0A1H3Q0U3	foldmason_refine100	750
A0A3G9JGN5	foldmason	725
A0A838SJH4	caretta	165
A0A849TDM4	matt	1362
A0A2A3AK07	mafft	1692
B2A5F0	clustalo	589
A0A2E1ZTZ4	3dcoffee	158
A0A850SNP2	usalign	472
T1FNF4	foldmason	431
A0A7X9HAB4	mafft	731
A0A832GZM8	clustalo	386
A0A7C1VXD0	famsa	169
A0A3L7UVH3	mafft	1324
A0A7V1EGX4	foldmason_refine100	512
A0A3D8ICB5	famsa	157
A0A842R2G4	foldmason	149
A0A1F6CR99	clustalo	209
A0A835QTZ3	mtmalign	2215
B2IJL3	foldmason_lol	187
A0A3M2GBG4	usalign	3255
W7QDU7	clustalo	371
A9WQP9	muscle	276
V2YI92	usalign	635
A0A1I3M533	foldmason_lol	4364
A0A842R4M3	foldmason	974
A0A537I120	matt	898
A0A350T754	mafft	224
A0A838SJH4	matt	210
A0A5C7EHW3	mafft	500
A0A849TDM4	mtmalign	1144
A0A1G1JTQ0	mafft	173
A0A2A3AK07	3dcoffee	1769
A0A7Z9PPG0	foldmason	158
A0A1H3Q0U3	muscle	827
A0A3G9JGN5	foldmason_lol	2331
A0A7X9HAB4	3dcoffee	639
T1FNF4	foldmason_lol	1088
A0A850SNP2	mustang	199
A0A832GZM8	famsa	384
A0A7C1VXD0	mafft	174
A0A3L7UVH3	3dcoffee	1283
A0A842R2G4	foldmason_lol	144
B2A5F0	famsa	518
A0A3D8ICB5	mafft	171
B2IJL3	foldmason_refine100	179
A0A3M2GBG4	mustang	1675
A0A835QTZ3	usalign	1690
A0A7V1EGX4	muscle	546
A0A350T754	3dcoffee	227
A9WQP9	caretta	247
A0A842R4M3	foldmason_lol	1131
V2YI92	mustang	232
W7QDU7	famsa	380
A0A852XNB6	foldmason	190
A0A1F6CR99	famsa	214
A0A537I120	mtmalign	928
A0A1I3M533	foldmason_refine100	1140
A0A838SJH4	mtmalign	203
A0A849TDM4	usalign	790
A0A3G9JGN5	foldmason_refine100	725
A0A1H3Q0U3	caretta	671
A0A5C7EHW3	3dcoffee	450
A0A7Z9PPG0	foldmason_lol	160
T1FNF4	foldmason_refine100	432
A0A832GZM8	mafft	384
A0A7V2HZ10	foldmason	521
A0A7C1VXD0	3dcoffee	168
A0A1G1JTQ0	3dcoffee	187
A0A842R2G4	foldmason_refine100	148
B2A5F0	mafft	593
A0A850SNP2	clustalo	161
B2IJL3	muscle	202
A0A835QTZ3	mustang	1278
A0A7V1EGX4	caretta	422
A9WQP9	matt	390
A0A3D8ICB5	3dcoffee	186
V2YI92	clustalo	169
A0A838SJH4	usalign	180
A0A3M2GBG4	clustalo	1095
A0A537I120	usalign	609
A0A1I3M533	muscle	1439
A0A852XNB6	foldmason_lol	198
A0A1F6CR99	mafft	227
A0A849TDM4	mustang	862
C7LW54	foldmason	165
A0A842R4M3	foldmason_refine100	965
A0A3G9JGN5	muscle	903
A0A7Z9PPG0	foldmason_refine100	158
T1FNF4	muscle	526
A0A1H3Q0U3	matt	5785
A0A7V2HZ10	foldmason_lol	530
W7QDU7	mafft	362
A0A842R2G4	muscle	143
B2A5F0	3dcoffee	564
A0A7Y8VRA7	foldmason	166
A0A832GZM8	3dcoffee	377
A0A835QTZ3	clustalo	853
A0A850SNP2	famsa	132
A0A7Y0H117	foldmason	215
B2IJL3	caretta	173
A9WQP9	mtmalign	387
V2YI92	famsa	169
A0A838SJH4	mustang	185
A0A3M2GBG4	famsa	816
A0A1I3M533	caretta	712
A0A7V1EGX4	matt	1244
G0QJD1	foldmason	921
A0A537I120	mustang	657
C7LW54	foldmason_lol	168
A0A842R4M3	muscle	1017
A0A849TDM4	clustalo	613
A0A1F6CR99	3dcoffee	207
W7QDU7	3dcoffee	360
A0A852XNB6	foldmason_refine100	187
A0A7Z9PPG0	muscle	160
A0A3G9JGN5	caretta	624
A0A842R2G4	caretta	143
T1FNF4	caretta	401
A0A1H3Q0U3	mtmalign	2692
A0A7Y8VRA7	foldmason_lol	163
A0A7V2HZ10	foldmason_refine100	519
D1CBK0	foldmason	284
B2IJL3	matt	215
A9WQP9	usalign	296
C1F1E0	foldmason	392
A0A850SNP2	mafft	123
A0A838SJH4	clustalo	168
A0A7Y0H117	foldmason_lol	213
A0A1I3M533	matt	7528
A0A835QTZ3	famsa	874
A0A0Q9LYH2	foldmason	193
C7LW54	foldmason_refine100	165
G0QJD1	foldmason_lol	1890
A0A537I120	clustalo	521
A0A842R4M3	caretta	913
A0A7Z9PPG0	caretta	157
A0A849TDM4	famsa	572
V2YI92	mafft	160
A0A7V1EGX4	mtmalign	1011
A0A3M2GBG4	mafft	1029
A0A852XNB6	muscle	204
A0A842R2G4	matt	163
A0A3G9JGN5	matt	5875
D1CBK0	foldmason_lol	555
A0A1H3Q0U3	usalign	2098
A0A7Y8VRA7	foldmason_refine100	166
A0A7V2HZ10	muscle	561
B2IJL3	mtmalign	215
A0A7W7ZLX9	foldmason	668
A0A838KLY5	foldmason	665
C1F1E0	foldmason_lol	709
A9WQP9	mustang	290
T1FNF4	matt	1263
A0A842RCX9	foldmason	369
A0A1I3M533	mtmalign	5602
A0A838SJH4	famsa	173
A0A850SNP2	3dcoffee	114
A0A7Y0H117	foldmason_refine100	215
C7LW54	muscle	175
G0QJD1	foldmason_refine100	908
A0A537I120	famsa	545
A0A849TDM4	mafft	599
A0A7V1EGX4	usalign	749
A0A851GER1	foldmason	1110
V2YI92	3dcoffee	146
A0A7Z9PPG0	matt	168
A0A842R4M3	matt	2477
A0A3G9JGN5	mtmalign	3455
A0A1H3Q0U3	mustang	918
A0A835QTZ3	mafft	849
A0A3M2GBG4	3dcoffee	1055
A0A0Q9LYH2	foldmason_lol	206
A0A842R2G4	mtmalign	167
A0A7C6KKI9	foldmason	477
D1CBK0	foldmason_refine100	284
A0A838UTW2	foldmason	1063
A0A838KLY5	foldmason_lol	1246
A0A7W7ZLX9	foldmason_lol	1532
A0A852XNB6	caretta	181
B2IJL3	usalign	187
A0A7Y8VRA7	muscle	191
A0A7V2HZ10	caretta	492
T1FNF4	mtmalign	1218
A9WQP9	clustalo	306
A0A842RCX9	foldmason_lol	374
A0A1I3M533	usalign	4523
A0A7Y0H117	muscle	236
C1F1E0	foldmason_refine100	379
A0A537I120	mafft	532
A0A838SJH4	mafft	168
A0A851GER1	foldmason_lol	1309
A0A7V1EGX4	mustang	610
A0A849TDM4	3dcoffee	545
A0A7Z9PPG0	mtmalign	167
A0A842R4M3	mtmalign	2800
A0A835QTZ3	3dcoffee	808
G0QJD1	muscle	1044
C7LW54	caretta	162
A0A1H3Q0U3	clustalo	838
A0A3G9JGN5	usalign	3163
A0A7C6KKI9	foldmason_lol	824
A0A838UTW2	foldmason_lol	2995
A0A838KLY5	foldmason_refine100	670
A0A0Q9LYH2	foldmason_refine100	190
A0A842R2G4	usalign	149
A0A852XNB6	matt	242
A0A7Y8VRA7	caretta	157
A0A842RCX9	foldmason_refine100	369
A9WQP9	famsa	241
B2IJL3	mustang	208
T1FNF4	usalign	817
A0A7Y0H117	caretta	196
A0A7V2HZ10	matt	1004
A0A1I3M533	mustang	1670
D1CBK0	muscle	295
A0A537I120	3dcoffee	528
A0A7W7ZLX9	foldmason_refine100	663
A0A838SJH4	3dcoffee	167
A0A7C2XUU5	foldmason	933
A0A7V1EGX4	clustalo	494
C1F1E0	muscle	472
A0A842R4M3	usalign	1755
A0A7Z9PPG0	usalign	158
A0A851GER1	foldmason_refine100	1080
A0A3G9JGN5	mustang	906
G0QJD1	caretta	647
A0A838KLY5	muscle	797
A0A7C6KKI9	foldmason_refine100	475
C7LW54	matt	186
A0A838UTW2	foldmason_refine100	1044
A0A842R2G4	mustang	153
A0A0Q9LYH2	muscle	203
A0A842RCX9	muscle	378
A0A5B8NA15	foldmason	663
A0A1H3Q0U3	famsa	799
A0A852XNB6	mtmalign	246
A0A7C2XUU5	foldmason_lol	1855
A9WQP9	mafft	315
T1FNF4	mustang	667
B2IJL3	clustalo	185
A0A7Y8VRA7	matt	195
A0A7Y0H117	matt	293
A0A7V2HZ10	mtmalign	990
D1CBK0	caretta	291
C1F1E0	caretta	351
A0A7W7ZLX9	muscle	723
A0A410P756	foldmason	514
A0A7V1EGX4	famsa	452
A0A1I3M533	clustalo	1035
A0A842R4M3	mustang	1243
A0A851GER1	muscle	1118
A0A3G9JGN5	clustalo	764
A0A7Z9PPG0	mustang	161
G0QJD1	matt	2425
C7LW54	mtmalign	192
A0A838UTW2	muscle	1280
A0A838KLY5	caretta	582
A0A5Q3L475	foldmason	1169
A0A0Q9LYH2	caretta	189
A0A5B8NA15	foldmason_lol	1937
A0A842RCX9	caretta	367
A0A842R2G4	clustalo	143
A0A7C6KKI9	muscle	518
G8R5C8	foldmason	587
A9WQP9	3dcoffee	255
A0A7V2HZ10	usalign	681
B2IJL3	famsa	183
A0A7Y0H117	mtmalign	293
T1FNF4	clustalo	427
A0A852XNB6	usalign	201
A0A7C2XUU5	foldmason_refine100	936
A0A1H3Q0U3	mafft	757
C1F1E0	matt	904
A0A7V1EGX4	mafft	466
A0A410P756	foldmason_lol	900
A0A1I3M533	famsa	894
A0A851GER1	caretta	1037
A0A842R4M3	clustalo	945
A0A7W7ZLX9	caretta	619
A0A3G9JGN5	famsa	731
A0A7Z9PPG0	clustalo	165
A0A7Y8VRA7	mtmalign	206
D1CBK0	matt	1115
G0QJD1	mtmalign	2381
A0A8A8PMA1	foldmason	275
A0A842RCX9	matt	984
C7LW54	usalign	171
A0A5B8NA15	foldmason_refine100	663
A0A842R2G4	famsa	143
A0A1B1NTB9	foldmason	217
A0A5Q3L475	foldmason_lol	5468
A0A838KLY5	matt	3736
A0A7C6KKI9	caretta	426
A0A838UTW2	caretta	732
B2IJL3	mafft	185
T1FNF4	famsa	453
A0A7V2HZ10	mustang	593
A0A0Q9LYH2	matt	241
A0A7Y0H117	usalign	240
A0A852XNB6	mustang	213
G8R5C8	foldmason_lol	1300
A0A7C2XUU5	muscle	1085
A0A1H3Q0U3	3dcoffee	772
A0A410P756	foldmason_refine100	511
A0A851GER1	matt	1599
A0A1I3M533	mafft	1034
C1F1E0	mtmalign	863
A0A7V1EGX4	3dcoffee	539
A0A7W7ZLX9	matt	3116
A0A7Z9PPG0	famsa	159
A0A3G9JGN5	mafft	758
A0A7Y8VRA7	usalign	168
A0A842R4M3	famsa	981
D1CBK0	mtmalign	1117
G0QJD1	usalign	2007
A0A842RCX9	mtmalign	771
A0A5B8NA15	muscle	763
C7LW54	mustang	186
A0A838KLY5	mtmalign	1937
A0A5Q3L475	foldmason_refine100	1141
A0A842R2G4	mafft	143
A0A8A8PMA1	foldmason_lol	1007
A0A838UTW2	matt	5988
A0A7V2HZ10	clustalo	497
A0A7Y0H117	mustang	243
A0A0Q9LYH2	mtmalign	266
A0A1B1NTB9	foldmason_lol	230
A0A7C6KKI9	matt	1517
B2IJL3	3dcoffee	173
A0A852XNB6	clustalo	188
T1FNF4	mafft	421
G8R5C8	foldmason_refine100	590
A0A7C2XUU5	caretta	769
A0A410P756	muscle	577
C1F1E0	usalign	695
A0A1I3M533	3dcoffee	1054
A0A851GER1	mtmalign	1638
A0A7Y8VRA7	mustang	188
A0A3G9JGN5	3dcoffee	691
G0QJD1	mustang	1335
A0A842R4M3	mafft	956
A0A7Z9PPG0	mafft	157
D1CBK0	usalign	993
A0A7W7ZLX9	mtmalign	1924
A0A842RCX9	usalign	540
A0A5B8NA15	caretta	508
C7LW54	clustalo	166
A0A842R2G4	3dcoffee	143
K2AHI6	foldmason	536
A0A5Q3L475	muscle	1645
A0A8A8PMA1	foldmason_refine100	272
A0A7Y0H117	clustalo	228
A0A7V2HZ10	famsa	494
A0A838KLY5	usalign	1389
A0A852XNB6	famsa	197
A0A7C2XUU5	matt	4984
G8R5C8	muscle	769
T1FNF4	3dcoffee	400
A0A1B1NTB9	foldmason_refine100	217
A0A0Q9LYH2	usalign	212
A0A838UTW2	mtmalign	3508
A0A851GER1	usalign	1236
C1F1E0	mustang	554
A0A842RCX9	mustang	403
A0A7C6KKI9	mtmalign	1424
D1CBK0	mustang	484
A0A842R4M3	3dcoffee	889
A0A5B8NA15	matt	4912
A0A7Y8VRA7	clustalo	176
A0A410P756	caretta	518
C7LW54	famsa	163
A0A7Z9PPG0	3dcoffee	167
A0A7W7ZLX9	usalign	1385
K2AHI6	foldmason_lol	1373
G0QJD1	clustalo	833
A0A7V2RPF0	foldmason	607
A0A5Q3L475	caretta	1039
A0A8A8PMA1	muscle	299
G8R5C8	caretta	451
A0A852XNB6	mafft	190
A0A7Y0H117	famsa	187
A0A847HHU4	foldmason	476
A0A7V2HZ10	mafft	539
A0A1B1NTB9	muscle	245
A0A838KLY5	mustang	853
C1F1E0	clustalo	351
A0A851GER1	mustang	1259
A0A838UTW2	usalign	2908
A0A0Q9LYH2	mustang	229
A0A7C2XUU5	mtmalign	2891
D1CBK0	clustalo	281
A0A842RCX9	clustalo	384
A0A846H7L1	foldmason	266
A0A410P756	matt	2937
A0A7W7ZLX9	mustang	819
A0A5B8NA15	mtmalign	2093
A0A7C6KKI9	usalign	1061
G0QJD1	famsa	816
A0A7Y8VRA7	famsa	165
K2AHI6	foldmason_refine100	507
A0A7V2RPF0	foldmason_lol	1163
C7LW54	mafft	167
A0A5Q3L475	matt	9064
D3SA45	foldmason	133
A0A8A8PMA1	caretta	259
A0A7V2HZ10	3dcoffee	536
A0A852XNB6	3dcoffee	186
A0A1B1NTB9	caretta	208
A0A7Y0H117	mafft	188
K0EYU6	foldmason	1002
A0A847HHU4	foldmason_lol	800
G8R5C8	matt	3012
A0A851GER1	clustalo	1060
C1F1E0	famsa	362
A0A0Q9LYH2	clustalo	199
Q1PZJ0	foldmason	344
A0A838KLY5	clustalo	713
A0A846H7L1	foldmason_lol	276
A0A842RCX9	famsa	376
A0A838UTW2	mustang	1356
A0A7W7ZLX9	clustalo	742
D1CBK0	famsa	285
A5BWJ2	foldmason	161
A0A7Y8VRA7	mafft	181
A0A7C6KKI9	mustang	814
A0A7C2XUU5	usalign	2317
A0A410P756	mtmalign	2035
A0A5B8NA15	usalign	1636
A0A7V2RPF0	foldmason_refine100	594
G0QJD1	mafft	862
A0A8A8PMA1	matt	1379
C7LW54	3dcoffee	170
R6WAH6	foldmason	214
K2AHI6	muscle	601
D3SA45	foldmason_lol	332
A0A5Q3L475	mtmalign	8393
C1F1E0	mafft	382
A0A7Y0H117	3dcoffee	204
A0A7C5W3X4	foldmason	580
A0A847HHU4	foldmason_refine100	453
A0A851GER1	famsa	1096
A0A1B1NTB9	matt	310
Q1PZJ0	foldmason_lol	754
A0A838UTW2	clustalo	1140
A0A838KLY5	famsa	691
A0A842RCX9	mafft	368
K0EYU6	foldmason_lol	1802
G8R5C8	mtmalign	1960
A0A0Q9LYH2	famsa	205
A0A7Y8VRA7	3dcoffee	164
A0A7W7ZLX9	famsa	682
A0A846H7L1	foldmason_refine100	264
A0A7C6KKI9	clustalo	512
D1CBK0	mafft	283
A0A5B8NA15	mustang	836
A0A7C2XUU5	mustang	1246
A0A410P756	usalign	1682
G0QJD1	3dcoffee	780
A0A8A8PMA1	mtmalign	1059
R6WAH6	foldmason_lol	456
K2AHI6	caretta	303
A5BWJ2	foldmason_lol	271
A0A7V2RPF0	muscle	637
C1F1E0	3dcoffee	395
D3SA45	foldmason_refine100	134
A0A5Q3L475	usalign	5930
A0A1B1NTB9	mtmalign	312
Q1PZJ0	foldmason_refine100	343
A0A838UTW2	famsa	951
A0A840VNG9	foldmason	781
A0A851GER1	mafft	1080
A0A7C5W3X4	foldmason_lol	972
A0A847HHU4	muscle	623
K0EYU6	foldmason_refine100	1006
A0A842RCX9	3dcoffee	364
A0A838KLY5	mafft	690
A0A6H0CLG5	foldmason	187
A0A846H7L1	muscle	332
A0A0Q9LYH2	mafft	193
G8R5C8	usalign	1664
A5BWJ2	foldmason_refine100	161
A0A7V2RPF0	caretta	419
A0A7W7ZLX9	mafft	648
A0A5B8NA15	clustalo	624
D1CBK0	3dcoffee	278
A0A7C6KKI9	famsa	458
A0A410P756	mustang	618
A0A7C2XUU5	clustalo	932
R6WAH6	foldmason_refine100	216
K2AHI6	matt	2636
A0A1B1NTB9	usalign	247
D3SA45	muscle	141
A0A8A8PMA1	usalign	943
A0A5Q3L475	mustang	3388
Q1PZJ0	muscle	416
R7ETQ2	foldmason	817
A0A851GER1	3dcoffee	1000
A0A838UTW2	mafft	1053
A0A840VNG9	foldmason_lol	2391
K0EYU6	muscle	1129
A0A847HHU4	caretta	302
A0A7C5W3X4	foldmason_refine100	579
A0A5B8NA15	famsa	530
A0A7V2RPF0	matt	3889
A0A7C6KKI9	mafft	525
A0A838KLY5	3dcoffee	558
A0A0Q9LYH2	3dcoffee	194
G8R5C8	mustang	892
A0A7W7ZLX9	3dcoffee	604
A5BWJ2	muscle	169
A0A6H0CLG5	foldmason_lol	181
A0A846H7L1	caretta	240
A0A7C2XUU5	famsa	883
A0A3E2T6J2	foldmason	471
C0W088	foldmason	426
R6WAH6	muscle	277
A0A410P756	clustalo	510
A0A1B1NTB9	mustang	256
D3SA45	caretta	117
Q1PZJ0	caretta	324
K2AHI6	mtmalign	1707
B5GRN6	foldmason	797
A0A8A8PMA1	mustang	383
A0A838UTW2	3dcoffee	874
K0EYU6	caretta	704
A0A840VNG9	foldmason_refine100	738
W1PFB2	foldmason	725
A0A847HHU4	matt	2154
R7ETQ2	foldmason_lol	1458
A0A7C5W3X4	muscle	714
A0A5Q3L475	clustalo	1416
J3LE19	foldmason	519
A0A7V2RPF0	mtmalign	2240
A0A5B8NA15	mafft	612
A0A7C6KKI9	3dcoffee	435
A0A6H0CLG5	foldmason_refine100	187
G8R5C8	clustalo	630
A5BWJ2	caretta	155
A0A846H7L1	matt	427
C0W088	foldmason_lol	501
Q1PZJ0	matt	1345
R6WAH6	caretta	204
A0A3E2T6J2	foldmason_lol	898
K2AHI6	usalign	1532
A0A7C2XUU5	mafft	952
B5GRN6	foldmason_lol	2452
A0A326KFK6	foldmason	163
A0A8A8PMA1	clustalo	273
A0A1B1NTB9	clustalo	216
D3SA45	matt	910
K0EYU6	matt	5151
A0A840VNG9	muscle	1072
A0A7C5W3X4	caretta	531
A0A847HHU4	mtmalign	1277
R7ETQ2	foldmason_refine100	814
A0A5Q3L475	famsa	1275
J3LE19	foldmason_lol	2879
E8QX60	foldmason	473
W1PFB2	foldmason_lol	1272
A0A7V2RPF0	usalign	2143
A0A6H0CLG5	muscle	215
G8R5C8	famsa	544
A0A5B8NA15	3dcoffee	602
A5BWJ2	matt	424
Q1PZJ0	mtmalign	928
A0A410P756	famsa	524
R6WAH6	matt	1071
C0W088	foldmason_refine100	421
A0A846H7L1	mtmalign	400
K2AHI6	mustang	953
A0A8A8PMA1	famsa	275
A0A3E2T6J2	foldmason_refine100	461
A0A7C2XUU5	3dcoffee	937
A0A326KFK6	foldmason_lol	171
A0A2R6KP32	foldmason	202
A0A1B1NTB9	famsa	223
B5GRN6	foldmason_refine100	804
B5IA13	foldmason	255
K0EYU6	mtmalign	4193
D3SA45	mtmalign	368
A0A847HHU4	usalign	1259
A0A7C5W3X4	matt	1929
J3LE19	foldmason_refine100	517
E8QX60	foldmason_lol	1013
A0A838PZG9	foldmason	195
A0A5Q3L475	mafft	1352
R7ETQ2	muscle	967
A0A840VNG9	caretta	475
Q1PZJ0	usalign	853
A0A410P756	mafft	515
A0A7V2RPF0	mustang	829
A0A6H0CLG5	caretta	185
A5BWJ2	mtmalign	381
G8R5C8	mafft	561
W1PFB2	foldmason_refine100	718
R6WAH6	mtmalign	736
A0A846H7L1	usalign	314
A0A3E2T6J2	muscle	478
A0A326KFK6	foldmason_refine100	163
A0A8A8PMA1	mafft	271
A0A835LCF3	foldmason	240
C0W088	muscle	433
K0EYU6	usalign	3027
A0A1J5HL60	foldmason	201
K2AHI6	clustalo	504
A0A2R6KP32	foldmason_lol	207
D3SA45	usalign	557
B5GRN6	muscle	1065
A0A7C5W3X4	mtmalign	1568
A0A1B1NTB9	mafft	212
A0A847HHU4	mustang	642
B5IA13	foldmason_lol	437
J3LE19	muscle	746
A0A838PZG9	foldmason_lol	190
E8QX60	foldmason_refine100	469
A0A410P756	3dcoffee	473
A0A840VNG9	matt	3844
A0A6H0CLG5	matt	247
R7ETQ2	caretta	567
A0A5Q3L475	3dcoffee	1009
A0A7V2RPF0	clustalo	533
W1PFB2	muscle	858
A0A7V2MEE1	foldmason	171
G8R5C8	3dcoffee	644
R6WAH6	usalign	765
A5BWJ2	usalign	315
A0A846H7L1	mustang	326
A0A3E2T6J2	caretta	455
Q1PZJ0	mustang	517
A0A8A8PMA1	3dcoffee	256
A0A326KFK6	muscle	166
C0W088	caretta	402
K0EYU6	mustang	1224
A0A835LCF3	foldmason_lol	472
A0A2R6KP32	foldmason_refine100	202
A0A7C5W3X4	usalign	1061
D3SA45	mustang	178
B5GRN6	caretta	455
A0A1B1NTB9	3dcoffee	221
K2AHI6	famsa	420
B5IA13	foldmason_refine100	254
A0A847HHU4	clustalo	452
A0A1J5HL60	foldmason_lol	209
A0A838PZG9	foldmason_refine100	195
J3LE19	caretta	398
E8QX60	muscle	601
A0A840VNG9	mtmalign	3197
A0A2R6JPP2	foldmason	938
A0A6H0CLG5	mtmalign	268
A0A7V2RPF0	famsa	476
R7ETQ2	matt	4338
W1PFB2	caretta	659
A0A7V2MEE1	foldmason_lol	173
A0A3E2T6J2	matt	3218
A5BWJ2	mustang	210
Q1PZJ0	clustalo	369
R6WAH6	mustang	294
A0A846H7L1	clustalo	274
A0A326KFK6	caretta	158
K0EYU6	clustalo	940
C0W088	matt	875
A0A835LCF3	foldmason_refine100	233
A0A2R6KP32	muscle	228
A0A847HHU4	famsa	388
A0A7C5W3X4	mustang	721
B5GRN6	matt	4846
D3SA45	clustalo	142
B5IA13	muscle	281
A0A1J5HL60	foldmason_refine100	200
J3LE19	matt	3745
K2AHI6	mafft	569
A0A6H0CLG5	usalign	205
E8QX60	caretta	345
A0A840VNG9	usalign	2839
A0A7V2RPF0	mafft	539
A0A838PZG9	muscle	220
A0A3S0FKQ3	foldmason	219
A0A3E2T6J2	mtmalign	1813
A0A7V2MEE1	foldmason_refine100	171
A0A2R6JPP2	foldmason_lol	2617
W1PFB2	matt	2330
R7ETQ2	mtmalign	2937
Q1PZJ0	famsa	345
A0A846H7L1	famsa	250
A0A4P9TEL6	foldmason	807
R6WAH6	clustalo	237
A0A326KFK6	matt	209
A0A2R6KP32	caretta	185
A5BWJ2	clustalo	169
K0EYU6	famsa	921
A0A7C5W3X4	clustalo	599
A0A847HHU4	mafft	439
A0A835LCF3	muscle	274
B5GRN6	mtmalign	2924
C0W088	mtmalign	685
J3LE19	mtmalign	3247
B5IA13	caretta	237
A0A6N3EW37	foldmason	459
A0A6H0CLG5	mustang	227
A0A7X2FUC2	foldmason	161
A0A1J5HL60	muscle	216
K2AHI6	3dcoffee	505
D3SA45	famsa	134
E8QX60	matt	2547
A0A840VNG9	mustang	1271
A0A7V2RPF0	3dcoffee	436
A0A2R6JPP2	foldmason_refine100	936
A0A2N1QBZ3	foldmason	315
A0A838PZG9	caretta	184
W1PFB2	mtmalign	1958
A0A3E2T6J2	usalign	1364
Q1PZJ0	mafft	363
R7ETQ2	usalign	2156
A0A326KFK6	mtmalign	214
A0A3S0FKQ3	foldmason_lol	262
A0A7V2MEE1	muscle	193
R6WAH6	famsa	228
A0A846H7L1	mafft	240
A0A2R6KP32	matt	230
A0A4P9TEL6	foldmason_lol	1036
A0A7C5W3X4	famsa	574
K0EYU6	mafft	907
C0W088	usalign	541
A0A835LCF3	caretta	218
A0A6N3EW37	foldmason_lol	1457
B5GRN6	usalign	2568
A0A847HHU4	3dcoffee	673
A5BWJ2	famsa	163
A0A6H0CLG5	clustalo	205
A0A1J5HL60	caretta	189
A0A7X2FUC2	foldmason_lol	160
J3LE19	usalign	2614
D3SA45	mafft	133
E8QX60	mtmalign	1665
B5IA13	matt	850
A0A2R6JPP2	muscle	1417
W1PFB2	usalign	1331
A0A840VNG9	clustalo	748
A0A2N1QBZ3	foldmason_lol	319
A0A3E2T6J2	mustang	545
Q1PZJ0	3dcoffee	320
R7ETQ2	mustang	1224
A0A7V2MEE1	caretta	169
A0A3S0FKQ3	foldmason_refine100	219
R6WAH6	mafft	238
A0A838PZG9	matt	236
A0A326KFK6	usalign	192
A0A2R6KP32	mtmalign	243
K0EYU6	3dcoffee	860
A0A4P9TEL6	foldmason_refine100	801
A0A7C5W3X4	mafft	607
A5BWJ2	mafft	165
A0A846H7L1	3dcoffee	253
A0A6N3EW37	foldmason_refine100	456
A0A835LCF3	matt	1491
B5GRN6	mustang	1251
C0W088	mustang	525
A0A7X2FUC2	foldmason_refine100	158
A0A1J5HL60	matt	276
A0A6H0CLG5	famsa	193
J3LE19	mustang	1053
B5IA13	mtmalign	552
D3SA45	3dcoffee	120
E8QX60	usalign	1536
A0A840VNG9	famsa	646
A0A2R6JPP2	caretta	595
A0A2N1QBZ3	foldmason_refine100	315
R7ETQ2	clustalo	808
A0A7V2MEE1	matt	227
A0A3E2T6J2	clustalo	455
A0A5J6VDN1	foldmason	708
A0A838PZG9	mtmalign	251
W1PFB2	mustang	1035
R6WAH6	3dcoffee	199
A0A3S0FKQ3	muscle	225
A0A4P9TEL6	muscle	981
A0A326KFK6	mustang	196
A0A7C5W3X4	3dcoffee	567
A0A2R6KP32	usalign	197
A5BWJ2	3dcoffee	155
C0W088	clustalo	419
A0A835LCF3	mtmalign	570
A0A6N3EW37	muscle	591
A0A1J5HL60	mtmalign	287
A0A7X2FUC2	muscle	172
J3LE19	clustalo	617
A0A6H0CLG5	mafft	217
B5GRN6	clustalo	913
A0A6N8G8Y2	foldmason	222
B5IA13	usalign	443
E8QX60	mustang	716
A0A2N1QBZ3	muscle	321
A0A840VNG9	mafft	695
R7ETQ2	famsa	730
A0A2R6JPP2	matt	5841
A0A7V2MEE1	mtmalign	236
A0A7V2NG30	foldmason	840
A0A3S0FKQ3	caretta	191
A0A838PZG9	usalign	197
A0A5J6VDN1	foldmason_lol	1034
A0A326KFK6	clustalo	159
W1PFB2	clustalo	656
A0A3E2T6J2	famsa	460
A0A845QUM5	foldmason	440
C0W088	famsa	420
A0A835LCF3	usalign	592
A0A2R6KP32	mustang	216
A0A4P9TEL6	caretta	751
J3LE19	famsa	590
A0A7X2FUC2	caretta	161
A0A252F4I6	foldmason	178
A0A6N3EW37	caretta	394
A0A1J5HL60	usalign	222
A0A6H0CLG5	3dcoffee	188
A0A6N8G8Y2	foldmason_lol	215
E8QX60	clustalo	519
B5GRN6	famsa	658
C9LSN8	foldmason	187
A0A840VNG9	3dcoffee	856
A0A2N1QBZ3	caretta	314
B5IA13	mustang	350
R7ETQ2	mafft	744
A0A838PZG9	mustang	225
A0A2R6JPP2	mtmalign	4072
A0A3S0FKQ3	matt	318
A0A7V2MEE1	usalign	199
A0A7V2NG30	foldmason_lol	1975
A0A845QUM5	foldmason_lol	491
A0A7N2L6I2	foldmason	323
A0A3E2T6J2	mafft	468
A0A5J6VDN1	foldmason_refine100	708
C0W088	mafft	416
A0A326KFK6	famsa	159
W1PFB2	famsa	757
A0A2R6KP32	clustalo	202
J3LE19	mafft	577
A0A835LCF3	mustang	346
A0A831T5E4	foldmason	412
A0A7X2FUC2	matt	203
A0A1J5HL60	mustang	239
A0A252F4I6	foldmason_lol	176
A0A6N3EW37	matt	2211
C9LSN8	foldmason_lol	190
A0A4P9TEL6	matt	2349
E8QX60	famsa	451
B5GRN6	mafft	818
A0A6N8G8Y2	foldmason_refine100	221
A0A3N0WSI5	foldmason	219
B5IA13	clustalo	260
I4F5N6	foldmason	1380
A0A838PZG9	clustalo	192
A0A7V2MEE1	mustang	202
A0A2R6JPP2	usalign	3590
A0A2N1QBZ3	matt	408
R7ETQ2	3dcoffee	762
A0A5J6VDN1	muscle	828
A0A845QUM5	foldmason_refine100	440
A0A7V2NG30	foldmason_refine100	840
A0A7N2L6I2	foldmason_lol	2078
A0A3E2T6J2	3dcoffee	452
A0A3S0FKQ3	mtmalign	364
W1PFB2	mafft	784
C0W088	3dcoffee	411
A0A326KFK6	mafft	164
J3LE19	3dcoffee	431
A0A831T5E4	foldmason_lol	856
A0A835LCF3	clustalo	255
A0A2R6KP32	famsa	206
C9LSN8	foldmason_refine100	187
A0A7X2FUC2	mtmalign	205
A0A1J5HL60	clustalo	198
A0A4P9TEL6	mtmalign	1480
A0A6N3EW37	mtmalign	1485
B5GRN6	3dcoffee	865
E8QX60	mafft	506
A0A0F9HFW2	foldmason	180
A0A3N0WSI5	foldmason_lol	216
A0A252F4I6	foldmason_refine100	178
I4F5N6	foldmason_lol	2211
A0A6N8G8Y2	muscle	252
B5IA13	famsa	276
A0A838PZG9	famsa	192
A0A2N1QBZ3	mtmalign	422
A0A2R6JPP2	mustang	1735
A0A7V2NG30	muscle	1380
A0A845QUM5	muscle	468
A0A7V2MEE1	clustalo	185
A0A5J6VDN1	caretta	702
A0A3S0FKQ3	usalign	296
A0A7C1WGV1	foldmason	1081
A0A7N2L6I2	foldmason_refine100	324
W1PFB2	3dcoffee	720
C9LSN8	muscle	192
A0A326KFK6	3dcoffee	159
A0A831T5E4	foldmason_refine100	410
A0A2R6KP32	mafft	194
A0A4P9TEL6	usalign	1114
A0A835LCF3	famsa	235
A0A1J5HL60	famsa	206
A0A6N3EW37	usalign	1026
A0A7X2FUC2	usalign	170
E8QX60	3dcoffee	481
A0A3N0WSI5	foldmason_refine100	219
A0A252F4I6	muscle	204
A0A0F9HFW2	foldmason_lol	185
I4F5N6	foldmason_refine100	1360
A0A6N8G8Y2	caretta	209
B5IA13	mafft	250
A0A2R6JPP2	clustalo	1045
A0A7V2NG30	caretta	523
A0A2N1QBZ3	usalign	329
A0A838PZG9	mafft	195
A0A3S0FKQ3	mustang	278
A0A845QUM5	caretta	412
A0A5J6VDN1	matt	1449
A0A7V2MEE1	famsa	177
A0A7C1WGV1	foldmason_lol	2326
A0A7N2L6I2	muscle	393
C9LSN8	caretta	184
R9KI14	foldmason	956
A0A4P9TEL6	mustang	1016
A0A831T5E4	muscle	594
A0A2R6KP32	3dcoffee	189
A0A835LCF3	mafft	248
A0A6N3EW37	mustang	559
A0A1J5HL60	mafft	228
A0A1J5DN52	foldmason	368
A0A252F4I6	caretta	166
I4F5N6	muscle	1467
A0A6N8G8Y2	matt	267
B5IA13	3dcoffee	250
A0A0F9HFW2	foldmason_refine100	180
A0A554A1A5	foldmason	490
A0A7X2FUC2	mustang	192
A0A2R6JPP2	famsa	793
A0A3N0WSI5	muscle	224
A0A7V2NG30	matt	5484
A0A2N1QBZ3	mustang	346
A0A7Y4U7C5	foldmason	672
A0A845QUM5	matt	892
A0A838PZG9	3dcoffee	195
A0A5J6VDN1	mtmalign	1380
A0A7V2MEE1	mafft	187
A0A7C1WGV1	foldmason_refine100	1011
A0A3S0FKQ3	clustalo	222
A0A7N2L6I2	caretta	284
R9KI14	foldmason_lol	2209
A0A4P9TEL6	clustalo	991
A0A831T5E4	caretta	300
A0A849N4M5	foldmason	197
C9LSN8	matt	206
A0A835LCF3	3dcoffee	228
A0A252F4I6	matt	213
A0A1J5DN52	foldmason_lol	403
I4F5N6	caretta	1094
A0A6N8G8Y2	mtmalign	262
A0A554A1A5	foldmason_lol	723
A0A841BX55	foldmason	955
A0A7X2FUC2	clustalo	182
A0A0F9HFW2	muscle	191
A0A2R6JPP2	mafft	1044
A0A1J5HL60	3dcoffee	201
A0A3N0WSI5	caretta	203
A0A7V2NG30	mtmalign	3873
A0A6N3EW37	clustalo	493
A0A7Y4U7C5	foldmason_lol	1409
A0A2N1QBZ3	clustalo	314
A0A840L1P2	foldmason	376
A0A7C1WGV1	muscle	1294
A0A845QUM5	mtmalign	778
A0A5J6VDN1	usalign	1080
A0A3S0FKQ3	famsa	205
A0A7V2MEE1	3dcoffee	174
R9KI14	foldmason_refine100	935
A0A7N2L6I2	matt	2434
A0A512BQ27	foldmason	366
A0A831T5E4	matt	2449
A0A4P9TEL6	famsa	799
A0A849N4M5	foldmason_lol	819
C9LSN8	mtmalign	210
A0A1W9PGV8	foldmason	651
A0A1J5DN52	foldmason_refine100	368
A0A6N8G8Y2	usalign	223
A0A252F4I6	mtmalign	218
I4F5N6	matt	3274
A0A7X2FUC2	famsa	158
A0A7V2NG30	usalign	3260
A0A0F9HFW2	caretta	177
A0A2R6JPP2	3dcoffee	996
A0A841BX55	foldmason_lol	1411
A0A3N0WSI5	matt	270
A0A554A1A5	foldmason_refine100	490
A0A2N1QBZ3	famsa	318
A0A7Y4U7C5	foldmason_refine100	656
A0A840L1P2	foldmason_lol	1367
A0A6N3EW37	famsa	453
A0A7C1WGV1	caretta	588
A0A7C6QFL5	foldmason	247
A0A845QUM5	usalign	582
A0A512BQ27	foldmason_lol	943
A0A5J6VDN1	mustang	886
A0A3S0FKQ3	mafft	238
R9KI14	muscle	1088
A0A1G1LTA3	foldmason	597
A0A4P9TEL6	mafft	910
A0A7N2L6I2	mtmalign	1717
A0A831T5E4	mtmalign	1543
K2G3Q9	foldmason	682
A0A252F4I6	usalign	185
A0A849N4M5	foldmason_refine100	200
I4F5N6	mtmalign	3492
A0A6N8G8Y2	mustang	245
C9LSN8	usalign	191
A0A1J5DN52	muscle	387
A0A1W9PGV8	foldmason_lol	756
A0A3N0WSI5	mtmalign	279
A0A7V2NG30	mustang	1199
A0A7Y4U7C5	muscle	819
A0A841BX55	foldmason_refine100	930
A0A0F9HFW2	matt	210
A0A7X2FUC2	mafft	163
A0A7C6QFL5	foldmason_lol	381
A0A2N1QBZ3	mafft	314
A0A554A1A5	muscle	479
A0A840L1P2	foldmason_refine100	366
A0A7C1WGV1	matt	6488
A0A6N3EW37	mafft	460
A0A845QUM5	mustang	530
A0A512BQ27	foldmason_refine100	366
A0A5J6VDN1	clustalo	798
A0A3S0FKQ3	3dcoffee	213
C3XV33	foldmason	943
R9KI14	caretta	681
A0A4P9TEL6	3dcoffee	789
A0A1G1LTA3	foldmason_lol	941
K2G3Q9	foldmason_lol	1776
I4F5N6	usalign	2230
A0A8B6D2T1	foldmason	338
A0A831T5E4	usalign	1313
A0A849N4M5	muscle	244
C9LSN8	mustang	187
A0A7N2L6I2	usalign	1599
A0A252F4I6	mustang	183
A0A6N8G8Y2	clustalo	222
A0A3N0WSI5	usalign	227
A0A7Y4U7C5	caretta	573
A0A1J5DN52	caretta	365
A0A7V2NG30	clustalo	996
A0A1W9PGV8	foldmason_refine100	620
A0A7C7CLP8	foldmason	707
A0A841BX55	muscle	1285
A0A0F9HFW2	mtmalign	208
A0A7C1WGV1	mtmalign	4263
A0A7X2FUC2	3dcoffee	161
A0A6N3EW37	3dcoffee	395
A0A554A1A5	caretta	463
A0A2N1QBZ3	3dcoffee	306
A0A512BQ27	muscle	377
A0A7C6QFL5	foldmason_refine100	247
A0A840L1P2	muscle	518
A0A5J6VDN1	famsa	756
C3XV33	foldmason_lol	5218
A0A845QUM5	clustalo	437
R9KI14	matt	4825
K2G3Q9	foldmason_refine100	681
A0A1G1LTA3	foldmason_refine100	586
A0A831T5E4	mustang	633
I4F5N6	mustang	1681
C9LSN8	clustalo	191
A0A7N2L6I2	mustang	584
A0A252F4I6	clustalo	170
A0A8B6D2T1	foldmason_lol	421
A0A849N4M5	caretta	192
A0A7V2NG30	famsa	789
A0A7Y4U7C5	matt	1939
A0A6N8G8Y2	famsa	219
A0A1J5DN52	matt	688
A0A7C7CLP8	foldmason_lol	1479
A0A841BX55	caretta	585
A0A3N0WSI5	mustang	258
A0A0F9HFW2	usalign	191
A0A512BQ27	caretta	354
A0A1W9PGV8	muscle	633
A0A554A1A5	matt	2406
A0A7C1WGV1	usalign	3809
A0A840L1P2	caretta	286
A0A7C6QFL5	muscle	261
A0A845QUM5	famsa	412
C3XV33	foldmason_refine100	917
A0A5J6VDN1	mafft	753
K2G3Q9	muscle	759
R9KI14	mtmalign	3682
I4F5N6	clustalo	1264
A0A1G1LTA3	muscle	596
A0A0G0MVR5	foldmason	221
A0A252F4I6	famsa	168
C9LSN8	famsa	188
A0A831T5E4	clustalo	544
A0A849N4M5	matt	1538
A0A8B6D2T1	foldmason_refine100	345
A0A7V2NG30	mafft	1051
A0A7Y4YBM7	foldmason	944
A0A7C7CLP8	foldmason_refine100	717
A0A1J5DN52	mtmalign	672
A0A841BX55	matt	3085
A0A7Y4U7C5	mtmalign	1849
A0A6N8G8Y2	mafft	218
A0A3N0WSI5	clustalo	219
A0A7N2L6I2	clustalo	368
A0A0F9HFW2	mustang	199
A0A512BQ27	matt	1524
A0A840L1P2	matt	2674
A0A1W9PGV8	caretta	586
A0A7C6QFL5	caretta	242
A0A7C1WGV1	mustang	1555
A0A5J6VDN1	3dcoffee	736
A0A558NQG3	foldmason	386
R9KI14	usalign	2811
A0A554A1A5	mtmalign	1515
C3XV33	muscle	999
I4F5N6	famsa	1264
C6XR92	foldmason	341
A0A1G1LTA3	caretta	525
A0A845QUM5	mafft	438
A0A0G0MVR5	foldmason_lol	247
A0A7Y4YBM7	foldmason_lol	1885
K2G3Q9	caretta	550
A0A8B6D2T1	muscle	375
A0A7V2NG30	3dcoffee	936
A0A7C7CLP8	muscle	970
A0A849N4M5	mtmalign	578
C9LSN8	mafft	185
A0A252F4I6	mafft	175
A0A7N2L6I2	famsa	381
A0A1J5DN52	usalign	479
A0A841BX55	mtmalign	2167
A0A831T5E4	famsa	400
A0A7Y4U7C5	usalign	1323
A0A6N8G8Y2	3dcoffee	217
A0A840L1P2	mtmalign	1344
A0A512BQ27	mtmalign	1090
A0A662SPR3	foldmason	728
A0A0F9HFW2	clustalo	182
A0A3N0WSI5	famsa	205
A0A7C1WGV1	clustalo	1081
R9KI14	mustang	1244
C3XV33	caretta	661
A0A554A1A5	usalign	1094
A0A7C6QFL5	matt	515
A0A1W9PGV8	matt	3004
A0A845QUM5	3dcoffee	443
C6XR92	foldmason_lol	378
A0A558NQG3	foldmason_lol	385
A0A7C7CLP8	caretta	442
A0A8B6D2T1	caretta	280
A0A1G1LTA3	matt	1671
K2G3Q9	matt	1941
A0A0G0MVR5	foldmason_refine100	207
A0A7Y4YBM7	foldmason_refine100	926
I4F5N6	mafft	1253
C9LSN8	3dcoffee	184
A0A841BX55	usalign	1523
A0A252F4I6	3dcoffee	168
A0A1J5DN52	mustang	456
A0A849N4M5	usalign	687
A0A7N2L6I2	mafft	368
A0A831T5E4	mafft	517
A0A7Y4U7C5	mustang	868
A0A840L1P2	usalign	1419
A0A512BQ27	usalign	916
A0A0F9HFW2	famsa	181
A0A662SPR3	foldmason_lol	2370
A0A3N0WSI5	mafft	207
A0A7C1WGV1	famsa	726
C3XV33	matt	5881
R9KI14	clustalo	924
A0A554A1A5	mustang	556
A0A1W9PGV8	mtmalign	1887
A0A7C6QFL5	mtmalign	506
A0A7C7CLP8	matt	3923
C6XR92	foldmason_refine100	339
A0A1G1LTA3	mtmalign	1450
A0A2Z3HUZ4	foldmason	156
A0A558NQG3	foldmason_refine100	382
A0A8B6D2T1	matt	1118
A0A0G0MVR5	muscle	225
K2G3Q9	mtmalign	1784
I4F5N6	3dcoffee	1278
A0A841BX55	mustang	1403
A0A7Y4YBM7	muscle	1075
A0A7N2L6I2	3dcoffee	278
A0A1J5DN52	clustalo	366
F4NU11	foldmason	843
A0A849N4M5	mustang	265
A0A831T5E4	3dcoffee	452
A0A7Y4U7C5	clustalo	619
A0A662SPR3	foldmason_refine100	725
A0A840L1P2	mustang	642
A0A0F9HFW2	mafft	179
A0A3N0WSI5	3dcoffee	206
A0A512BQ27	mustang	471
A0A1N7IG91	foldmason	233
A0A7C1WGV1	mafft	906
A0A7C6QFL5	usalign	399
R9KI14	famsa	927
A0A1W9PGV8	usalign	1613
C3XV33	mtmalign	3985
A0A554A1A5	clustalo	475
A0A558NQG3	muscle	406
A0A7C7CLP8	mtmalign	2623
A0A2Z3HUZ4	foldmason_lol	170
A0A1G1LTA3	usalign	1017
A0A7Y4WUB0	foldmason	202
A0A8B6D2T1	mtmalign	716
C6XR92	muscle	366
A0A0G0MVR5	caretta	187
K2G3Q9	usalign	1242
A0A841BX55	clustalo	997
A0A7Y4YBM7	caretta	611
A0A849N4M5	clustalo	202
A0A1J5DN52	famsa	373
A0A7Y4U7C5	famsa	645
F4NU11	foldmason_lol	1056
A0A662SPR3	muscle	860
I8U815	foldmason	538
A0A840L1P2	clustalo	366
A0A7C1WGV1	3dcoffee	1138
A0A0F9HFW2	3dcoffee	216
A0A512BQ27	clustalo	390
A0A7C6QFL5	mustang	346
A0A1N7IG91	foldmason_lol	263
A0A7Y2E6D2	foldmason	177
A0A558NQG3	caretta	355
C3XV33	usalign	3491
A0A1W9PGV8	mustang	767
R9KI14	mafft	918
A0A2Z3HUZ4	foldmason_refine100	156
A0A7C7CLP8	usalign	1960
A0A554A1A5	famsa	494
A0A7Y4WUB0	foldmason_lol	249
A0A8B6D2T1	usalign	650
A0A1G1LTA3	mustang	785
A0A1J5DN52	mafft	374
A0A849N4M5	famsa	204
A0A841BX55	famsa	665
K2G3Q9	mustang	863
F4NU11	foldmason_refine100	840
A0A0G0MVR5	matt	478
C6XR92	caretta	311
A0A7Y4YBM7	matt	5708
A0A7Y4U7C5	mafft	661
I8U815	foldmason_lol	1279
A0A662SPR3	caretta	534
A0A4Q6CJX3	foldmason	1022
A0A840L1P2	famsa	315
A0A512BQ27	famsa	363
A0A1N7IG91	foldmason_refine100	230
A0A558NQG3	matt	963
A0A7C6QFL5	clustalo	250
A0A7Y2E6D2	foldmason_lol	188
C3XV33	mustang	1160
A0A554A1A5	mafft	473
A0A1W9PGV8	clustalo	615
A0A7C7CLP8	mustang	1013
R9KI14	3dcoffee	969
A0A849N4M5	mafft	216
A0A1J5DN52	3dcoffee	348
A0A7Y4WUB0	foldmason_refine100	202
A0A2Z3HUZ4	muscle	167
A0A8B6D2T1	mustang	427
A0A1G1LTA3	clustalo	554
A0A841BX55	mafft	976
F4NU11	muscle	988
K2G3Q9	clustalo	675
A0A4Q6CJX3	foldmason_lol	2614
A0A0G0MVR5	mtmalign	408
C6XR92	matt	1374
A0A7Y4U7C5	3dcoffee	646
I8U815	foldmason_refine100	524
A0A512BQ27	mafft	364
A0A662SPR3	matt	4594
A0A840L1P2	mafft	414
A0A1N7IG91	muscle	269
A0A7Y4YBM7	mtmalign	3416
A0A7Y2E6D2	foldmason_refine100	177
A0A558NQG3	mtmalign	778
C3XV33	clustalo	882
A0A7C6QFL5	famsa	270
A0A7C7CLP8	clustalo	854
A0A554A1A5	3dcoffee	487
A0A1W9PGV8	famsa	600
A0A849N4M5	3dcoffee	180
K2G3Q9	famsa	664
A0A841BX55	3dcoffee	947
F4NU11	caretta	768
A0A1G1LTA3	famsa	564
A0A8B6D2T1	clustalo	349
A0A2Z3HUZ4	caretta	155
A0A7Y4WUB0	muscle	210
A0A0G0MVR5	usalign	310
A0A4Q6CJX3	foldmason_refine100	1000
C6XR92	mtmalign	654
A0A840L1P2	3dcoffee	373
A0A7Y2E6D2	muscle	196
I8U815	muscle	597
A0A512BQ27	3dcoffee	361
A0A662SPR3	mtmalign	3162
A0A558NQG3	usalign	480
A0A7Y4YBM7	usalign	2895
A0A7C6QFL5	mafft	245
C3XV33	famsa	853
A0A1N7IG91	caretta	206
A0A7C7CLP8	famsa	643
A0A1W9PGV8	mafft	590
K2G3Q9	mafft	627
A0A1G1LTA3	mafft	556
A0A8B6D2T1	famsa	313
F4NU11	matt	1737
A0A2Z3HUZ4	matt	179
C6XR92	usalign	449
A0A4Q6CJX3	muscle	1139
A0A0G0MVR5	mustang	302
A0A7Y4WUB0	caretta	202
I8U815	caretta	356
A0A7Y2E6D2	caretta	177
A0A558NQG3	mustang	451
A0A662SPR3	usalign	2785
A0A7Y4YBM7	mustang	1431
A0A7C6QFL5	3dcoffee	249
A0A1N7IG91	matt	361
C3XV33	mafft	897
A0A1W9PGV8	3dcoffee	582
A0A7C7CLP8	mafft	757
A0A1G1LTA3	3dcoffee	565
A0A8B6D2T1	mafft	356
K2G3Q9	3dcoffee	633
F4NU11	mtmalign	1696
A0A2Z3HUZ4	mtmalign	188
A0A4Q6CJX3	caretta	754
A0A0G0MVR5	clustalo	213
C6XR92	mustang	436
A0A7Y4WUB0	matt	305
I8U815	matt	2475
A0A662SPR3	mustang	965
A0A558NQG3	clustalo	364
A0A7Y4YBM7	clustalo	807
C3XV33	3dcoffee	743
A0A1N7IG91	mtmalign	373
A0A7Y2E6D2	matt	210
A0A7C7CLP8	3dcoffee	780
F4NU11	usalign	1172
A0A8B6D2T1	3dcoffee	290
A0A7Y4WUB0	mtmalign	301
A0A0G0MVR5	famsa	201
A0A2Z3HUZ4	usalign	168
C6XR92	clustalo	324
A0A4Q6CJX3	matt	4946
A0A662SPR3	clustalo	692
I8U815	mtmalign	1777
A0A558NQG3	famsa	389
A0A1N7IG91	usalign	280
A0A7Y4YBM7	famsa	774
A0A7Y2E6D2	mtmalign	207
F4NU11	mustang	1203
A0A2Z3HUZ4	mustang	177
A0A4Q6CJX3	mtmalign	3764
A0A7Y4WUB0	usalign	241
C6XR92	famsa	323
A0A0G0MVR5	mafft	244
A0A558NQG3	mafft	363
A0A1N7IG91	mustang	297
I8U815	usalign	1475
A0A662SPR3	famsa	647
A0A7Y4YBM7	mafft	818
A0A7Y2E6D2	usalign	192
F4NU11	clustalo	790
A0A4Q6CJX3	usalign	2571
A0A7Y4WUB0	mustang	267
A0A2Z3HUZ4	clustalo	157
C6XR92	mafft	338
A0A0G0MVR5	3dcoffee	215
A0A558NQG3	3dcoffee	353
A0A1N7IG91	clustalo	222
A0A662SPR3	mafft	698
I8U815	mustang	828
A0A7Y2E6D2	mustang	186
A0A7Y4YBM7	3dcoffee	885
F4NU11	famsa	791
A0A4Q6CJX3	mustang	1324
A0A2Z3HUZ4	famsa	156
C6XR92	3dcoffee	326
A0A7Y4WUB0	clustalo	204
A0A662SPR3	3dcoffee	671
A0A7Y2E6D2	clustalo	202
I8U815	clustalo	568
A0A1N7IG91	famsa	195
F4NU11	mafft	863
A0A4Q6CJX3	clustalo	995
A0A7Y4WUB0	famsa	205
A0A7Y2E6D2	famsa	186
A0A2Z3HUZ4	mafft	156
A0A1N7IG91	mafft	216
I8U815	famsa	509
F4NU11	3dcoffee	891
A0A4Q6CJX3	famsa	998
A0A7Y4WUB0	mafft	205
A0A2Z3HUZ4	3dcoffee	169
A0A7Y2E6D2	mafft	185
A0A1N7IG91	3dcoffee	206
I8U815	mafft	557
A0A4Q6CJX3	mafft	982
A0A7Y4WUB0	3dcoffee	204
A0A7Y2E6D2	3dcoffee	177
I8U815	3dcoffee	585
A0A4Q6CJX3	3dcoffee	916
