1f7ua,124
1iq0a,125
1d4oa,177
1e3ta,175
1fbta,188
1bif,219
1qhfa,240
1lfpa,241
1kona,233
3huda,374
1cdoa,374
1teha,373
2ohxa,374
1d1ta,373
1ayl,532
1ii2a,522
1cs1a,383
1qgna,397
1cl1a,390
1smla,266
1k07a,262
3bc2,214
1jjta,220
1znba,228
1qh5a,260
1vlta,142
2asr,142
2bnh,456
1a4ya,460
1yrga,343
2baa,243
1dxja,242
1ksr,100
1qfha1,104
1qfha2,108
1d9xa,409
1c4oa,330
1hv8a,202
1qdea,201
1fgs,111
1gg4a,131
4uaga,140
1m85a,476
8cata,498
1cf9a,727
1ewqa,144
1e3ma,149
1af6a,421
2mpra,421
1a0tp,413
1d3ca,87
1pama,86
1cgt,85
1cyg,83
1ciu,83
1qhpa,81
1cof,135
1cnua,133
1ak6,174
1bgd,158
1bgc,159
1rhga,147
3chbd,103
1lt5d,103
1tiid,98
1d6ma,135
1ecl,115
1dd9a,82
2fb4lv,116
3bjllv,116
2rhelv,114
7fablv,108
2mcglv,115
8fablv,110
3hfllv,108
1baflv,112
2fbjlv,111
1reilv,107
1igmlv,112
1dfblv,110
1fdllv,112
1bvka,108
1ar1lv,108
6fablv,112
1mamlv,112
1jhllv,108
4fablv,117
1igflv,117
1mcplv,118
1hillv,118
1bbdlv,118
1lvelv,114
1ncalv,112
3hfmlv,112
1keza,267
1jmkc,222
1f7ua,348
1iq0a,368
1atla,200
1iag,201
1buda,197
1qpxa,206
1bf8,205
1awd,94
2cjo,97
4fxc,98
1fxaa,98
1doy,96
1fxia,96
1a70,97
1pfd,96
1frra,95
1frd,98
1ayfa,103
1pdxa,106
1b9ra,105
1ayoa,130
1edya,134
1jfla,228
1b74a,252
3pmga,113
1kfqa,118
1tbge,68
1gp2g,54
7odca,158
1d7ka,172
1f3ta,127
1fywa,142
1fyva,159
1ca2,256
2cab,256
1koqa,222
3znc,251
1znca,262
1fua,206
1jdia,223
1gym,296
2plc,274
1tx4a,196
1pbwa,184
1dtwb,138
1qs0b,133
1trka,146
1mnc,158
1hfc,157
1mmpa,166
1bqoa,169
456ca,160
1bqqm,174
1pfka,320
4pfk,319
1at0,142
1am2,181
1gd5a,130
1h6ha,143
1bc9,200
1pbv,195
1f8ga,174
1pjca,168
1qr0a2,107
1f7la,118
1qr0a1,104
1ixa,39
1apo,42
1urk,41
1fsb,40
1esl,37
1hre,67
1epi,53
4tgf,50
1hcgb,51
1dan1,40
1dan2,56
1rfnb,57
1rhoa,142
1ds6b,179
1mun,225
2abk,211
1ef1a,289
1gc7a,297
1gg3a,279
1axca,249
1plq,258
1jtka,131
1ctt1,124
1ctt2,106
1rl6a,164
1jj2e,172
1bccc,379
1bgyc,379
1jlxa1,153
1jlxa2,146
1bcpc,86
1bcpb,87
1cjsa,212
1dwua,213
487dh,224
1mroa,276
1e6va,280
1e6ya,283
1buca,383
3mdda,385
1ivha,387
3tgl,265
1lgya,265
1tib,269
1cksa,74
1buhb,70
1puc,101
1tvdb,116
1b88a,114
1cd8,114
3cd4,97
1neu,116
1hnf,101
1hnga,98
1cid1,105
1qfpa,118
1au1a,166
1itf,165
1ecma,186
5csma,250
1gps,47
1gpt,47
1myn,44
1cgii,56
1tgsi,56
1pce,60
2ovo,56
1ovoa,56
2bus,56
4nosa,420
1nos,322
1ed5a,416
1e12a,239
1c3wa,222
1jgja,217
1mc0a2,154
1mc0a1,140
1f5ma,176
1tdj1,88
1tdj2,76
1a49a,519
1pkla,491
1a3xa,487
1pkya,464
2prd,174
1obwa,175
1qeza,169
1wgja,282
1jg1a,215
1dl5a,213
1n8ia,701
1d8ca,688
1ewqa,274
1e3ma,291
1qu9a,126
1qd9a,124
1jd1a,126
1lkya,77
1bqv,110
1dnpa,469
1qnf,475
1b3ob1,36
1zfja1,62
1b3ob2,54
1zfja2,61
1h98a,77
1bwea,77
1clf,55
2fdn,55
1dura,55
7fd1a,106
1blu,80
1xer,102
1hfel,85
1dwla,59
1vjw,58
1fxd,58
1fxra,64
1k0ta,80
1bvza,585
1smaa,588
3kvt,103
1t1da,100
2kaua,100
1ubpa,100
1bbi,71
1tabi,37
1pi2,61
1pbia,68
1sbwi,14
1d2ka,392
1edqa,431
1e15a,444
1e9la,372
2ccya,127
1bbha,131
1a7va,125
1jafa,128
1ewqa,746
1e3ma,765
1kid,193
1srva,145
1a6db,153
1ass,152
1kjs,74
1c5a,65
1qba,443
1hp5a,356
1shsa,115
1gmea,150
1d3bb,81
1b34b,74
1b34a,80
1d3ba,72
1qdba,473
1fs8a,471
1khva,493
1rdr,316
1klo2,56
1klo1,55
1klo3,51
1aiw,62
1e15a,50
1ed7a,44
1bba,36
1ppt,36
1ron,36
1doza,309
1hrka,359
1fs0e,86
1e79h,86
1lxa,180
1qrea,167
3tdt,135
1coza,126
1b6ta,157
1kawa,96
3ulla,106
1tdj,331
2tysb,395
1h72c,133
1fi4a,197
2sak,121
1qqra,138
1cb8a,264
1egua,275
1k25a,556
1qmea,558
1qq2a,173
1qmva,195
1prxa,219
1c06a,48
1fjgd,48
1dm9a,47
1hcz,250
1cfma,251
1unka,87
1gxga,85
1bxia,83
1vhra,178
1mkp,144
1fjge,82
1pkp,71
1bv1,159
1e09a,159
1jswa,459
1fura,456
1dcna,424
1aosa,434
1yfm,450
1aps,98
2acy,98
1dsn,315
1tfd,295
1ovt,682
1dot,686
1a8e,329
1b1xa,689
1ce2a,689
1fvia,80
1a0i,101
3fib,248
1fzcb,259
1fzda,197
1epua,527
1dn1a,556
1auk,480
1fsu,474
2dtr,76
1fx7a,76
1prb,53
1gjta,65
1azsb,189
1azsa,190
1pgx,70
2gb1,56
1gb4,57
2ptl,78
1d4aa,273
1qrda,273
1qr2a,230
1ofga,381
1gcua,292
1h7wa,312
1ep3a,311
1d3ga,360
2dora,311
1be1,137
1b1a,137
7reqa,168
1bmta,156
1ca1,247
1ah7,245
1c1da,349
1leha,364
1gtma,417
1bvua,416
1euza,416
1b26a,409
1hwxa,501
1bgva,449
1awj,77
1shg,57
1shfa,59
2src,62
1qcfa,65
1lcka,54
1qlya,58
1bbza,58
1gria1,51
1gbra,74
1cska,57
1ckaa,56
1sema,58
1gria2,61
1ycsb,63
2hsp,71
1ark,60
1aoja,61
1pht,83
1bb9,83
1f3g,150
1gpr,158
2gpr,154
1lip,91
1mzm,93
1hyp,75
1rzl,91
1bwoa,90
1bd0a,233
1ct5a,225
1aqza,142
1de3a,150
1g6za,70
1ap0,73
1dz1a,70
2bspa,399
1idk,359
2pec,352
1qcxa,359
1du3a,90
1exta,160
1stfi,98
1dvc,98
1cewi,108
2reb,303
1g19a,311
1lki,172
1evsa,163
1mxb,101
1qm4a,100
1ocka,412
1m22a,487
1kkoa,159
1kd0a,156
2ctc,307
1pca,308
1nsa,306
1obr,323
2cbp,96
1f56a,91
1jer,110
1ncpn,17
1ncpc,18
1hmpa,214
1hgxa,165
1nula,143
3crd,100
1cy5a,92
1fxqa,263
1g7va,284
1gg1a,339
1iqca,308
1eb7a,317
2ayh,214
1gbg,214
1h6za,129
1kbla,133
1zyma,124
1a8d,452
3btaa,424
1g97a,250
1hv9a,248
1fxoa,292
1iina,289
1reqb,456
1reqa,559
1a9xa2,275
1a9xa1,244
1bnca,203
1b9ma,135
1h9ma,141
1bk7a,190
1bola,222
1lnqa,128
1id1a,138
1ygs,190
1deva,194
1tmka,204
4tmka,210
1rci,171
2fha,172
1aew,170
1bg7,154
1yna,193
1xypa,189
1xnb,185
1xyn,178
1bk1,182
2ceva,298
1d3va,308
1sfp,111
1sppa,109
1sppb,112
1j8fa,312
1icia,256
1cqqa,180
1l1na,180
1qa7a,213
1h4ia,595
1g72a,571
1flga,582
1dar,124
1n0vc,167
2ahjb,211
1ireb,228
1mxb,124
1qm4a,123
1ptsa,120
1rava,124
1h1js,44
1jeqa,51
1kcfa,36
1eexa,551
1iwpa,555
1srsa,84
1mnma,85
1egwa,71
1ftz,70
1hom,68
2hdda,55
1ftt,68
1nk3p,63
1akha,49
1b8ib,58
1lfb,77
4rhn,115
4fit,127
1edt,265
2ebn,285
2hvm,273
1cnv,283
1nar,289
1gox,351
1fcba,364
1lbd,238
2lbd,238
1prga,270
3erta,246
1a28a,251
1qaya,384
1dqaa,409
1exh,110
2xbd,87
1etha,448
1lpbb,449
1hpla,449
1rp1,443
1bu8a,447
2eti,28
1mcti,28
1ppei,29
4cpai,36
1uox1,136
1uox2,159
2occb,227
1ar1b,252
1cyx,158
1n1ba,315
5eau,323
1dun,120
1duta,117
1dupa,136
6mhta,327
1dcta,324
1hpwa,129
2pil,157
1dzoa,120
1dfoa,416
1bj4a,470
1b4fa,74
1b0xa,72
1qjza,179
1auya,163
1cex,197
1bs9,207
1f13a1,112
1f13a2,101
1a0p,180
1aiha,170
1ae9a,171
4crxa,211
3pmga,190
1kfqa,204
1ft1b,416
2sqca,352
1shca,173
2nmba,147
1aqca,121
3hck,107
1lkka,105
1aouf,106
1shba,103
1csza,112
1ab2,109
1ayd,101
2pnb,104
1bfj,111
2plda,105
1zfpe,98
1f52a,100
1htqa,103
1erxa,184
1euoa,180
1hsla,238
1lst,239
1ggga,220
2hppp,79
2hpqp,79
1tpka,88
1kdu,85
1pkr,80
1pk4,79
2pf1,93
5hpga,84
3kiv,79
1mema,215
1icfa1,218
8pcha,220
1gece,216
1ppo,216
1ppn,212
1yal,218
1cqda,216
2act,218
1aim,215
1thea,253
1huca,253
1deua,242
3pga1,330
1agx,331
3ecaa,326
1wsaa,320
2ahja,192
1irea,201
1dcea,325
1ft1a,315
1iow,306
1ehia,360
1hiwa,115
1ed1a,114
1m6ba,147
1igra,150
1hx8a,270
1hg5a,263
1eyha,144
1fmca,255
1cyda,242
1hdca,253
1ybva,270
1bdb,268
1ae1a,246
2ae1,253
1enp,297
1dfia,248
1zid,268
1fds,283
1sep,259
1dhr,236
1inla,285
1mjfa,271
2tbva,172
4sbva,199
1smva,196
1stma,141
1bmv1,185
1cwpa,149
2stv,184
1iow,210
1ehia,228
1huuc1,71
1wtua,99
1ihfa,96
1ihfb,94
1rl2a,64
1jj2a,74
1gmwa,134
1eb0a,143
1qlec,273
2occc,261
1fftc,185
1nbca,155
1g43a,160
1tf4a,145
1jpc,108
1bwud,109
1npla,109
4blma,256
3blm,257
1btl,263
1mfo,262
1bul,265
1bsg,266
1bza,257
1shva,265
1mxb,152
1qm4a,144
1efpa,307
1efva,312
1bxya,60
1jj2v,154
1kbla,375
1h6za,398
1evla,110
1hc7a,115
1atia,111
1h4vb,97
1kmma,99
1qe0a,95
1fjma,294
1tcoa,318
1fts,295
1ffh,287
1m0wa,107
2hgsa,102
1jmta,98
1qm9a1,88
1a9nb,94
1nu4a,91
2u1a,88
1qm9a2,110
1hd1a,75
1l3ka1,84
2msta,75
1iqta,75
2u2fa,85
1oo0b,92
1cvja1,80
1h6kx,77
1fxla2,82
1fxla1,85
1cvja2,89
1fjeb2,84
1fjeb1,91
1u2fa,90
1afca,127
2afga,129
2fgf,126
2mib,149
1i1b,151
1irax,145
1dzra,183
1ep0a,183
1exp,312
1clxa,345
1xyza,320
1bg4,301
1taxa,302
1qu2a,723
1ile,632
1a8h,500
2frvb,530
1h2al,534
1frfl,543
1fo6a,302
1emsa,271
1fbl,195
1pex,192
1gen,200
1hxn,210
1m0wa,481
2hgsa,472
1ddza2,239
1ddza1,242
1i6pa,214
1ekja,210
1qbha,101
1g73c,89
1c9qa,117
1f3ha,136
1cz5a,95
1e32a,91
1hfes,61
1feha,59
1fsea,67
1a04a,67
3app,323
4ape,330
2apr,325
5pep,326
1psn,326
4cms,321
1lyaa,339
1bbs,332
1smra,332
2jxra,330
1mpp,357
2asi,357
1am5,326
1c20a,128
1ig6a,107
7gata,66
3gata,66
1gnf,46
1hlra,193
1dgja,193
1jroa,165
1fo4a,163
1n62a,161
1ffva,155
1aq0a,306
1ghsa,306
1tfxc,58
1knt,55
1dem,60
1dtx,58
1dtk,57
1aapa,56
1shp,55
5pti,58
1tap,60
1bf0,60
1d9xa,590
1c4oa,504
1hv8a,353
1a32,85
1ab3,88
1h9fa,57
1jeia,53
1bhe,376
1rmg,422
1fnga,100
1fv1a,100
1iaka,100
1hdmb,98
1fngb,95
1fv1b,98
1iakb,98
1hdma,103
1tml,286
1qjwa,362
1bvwa,360
1k20a,189
1i74a,184
1k23a,184
2mob,94
1ckv,95
1hqi,90
1cbg,490
1e73m,331
1hxja,490
1ug6a,426
1gnxa,447
1e4ia,447
1qoxa,449
1qvba,481
1iva,48
1oma,48
1fp2a,345
1fp1d,340
1yfoa,280
1rpma,278
1bzha,297
1h72c,296
1fi4a,382
1in1a,88
1cdza,96
1ko7a,155
1jb1a,157
1jt6a,67
2tct,66
1k4va,287
1lzja,263
2eiaa,76
1baj,71
1vpc,45
1ceua,51
1nal1,291
1dhpa,292
1b43a,219
1a77,207
1fvia,184
1a0i,231
1imua,107
1l4sa,112
1i4ua,181
1bbpa,173
1exsa,160
1beba,156
2a2ua,158
1jv4a,157
1ew3a,159
1bj7,150
1e5pa,146
1hn2a,157
1dzka,148
1iiua,174
1aqb,175
1epaa,151
1qqsa,174
1auga,210
1a2za,220
1efca,92
1eft,100
1d2ea,98
1dar,118
1vr2a,275
1fgka,278
3lck,270
1qcfa,281
2src,284
1byga,246
1ir3a,300
1efya,215
1gs0a,217
1bvza,120
1smaa,123
1dd3a,71
1ctf,68
1gc7a,111
1ef1a,110
1gg3a,106
2tpt,440
1brwa,433
1cxsa,768
1dmr,779
1tmo,794
1aa6,696
1efud2,143
1tfe,142
1efud1,139
1qtra,314
1azwa,313
1c28a,123
1gr3a,132
2scua,121
1euda,130
1fltv,95
1pdga,87
1ll3a,261
1ga8a,271
1aisb,193
1vola,203
1l0va,577
1chua,479
1dvpa,64
1vfya,67
2lisa,131
3lyna,122
1diia,279
1vaoa,287
1f0xa,237
1i19a,324
1dar,90
1n0vc,104
1rss,140
1hus,133
1ffvc,287
1fo4a,302
1hrua,184
1jcua,208
1moq1,183
1moq2,183
1g2aa,164
1jyma,176
1ah4,314
1ads,315
1frb,314
2alr,313
1afsa,319
1a80,277
1qrqa,325
1rb9,52
1rdg,52
4rxn,54
1zrp,53
6rxn,45
1jb0a,740
1jb0b,739
1kija,212
1ei1a,219
1b63a,204
1h7sa,177
1byq,213
1ah6,213
1g9mg,305
1g9ng,306
1pho,330
2omf,340
2por,301
1prn,289
1lgha,56
1kzua,48
1cb8a,674
1egua,721
1mroa,267
1e6va,265
1e6ya,281
1hsaa,98
3hlaa,92
2vaba,96
2vabb,99
1b0gb,100
1l1za,263
1ee8a,266
1k82a,260
1kfva,260
1bgyd,46
1ezvd,47
1gia,310
1tag,314
1cjvc,330
1i50j,65
1ef4a,55
1gt91,357
1ga6a,369
1dbia,271
1thm,279
1bh6a,274
1csee,274
1scja,275
1lw6e,281
1gci,269
1ea7a,310
1ic6a,279
6prcc,332
1eysc,310
1aoy,78
1b4aa,75
1qgwa,75
1qgwb,66
2erca,235
1yub,245
1qr6a,289
1llqa,305
1k6ka,142
1khya,131
1rtp1,109
1pvaa,109
5cpv,108
1pal,107
5pal,109
1omd,107
1a75a,106
1b64,91
1f60b,90
1gh8a,89
1fada,95
1e41a,104
1icha,87
1ngr,85
1ddf,127
1d2za,102
1d2zb,150
1mlda,313
2cmd,312
1ldna,316
1llc,320
1llda,313
9ldba,331
1ldm,329
5ldh,333
2ldx,331
1hlpa,303
4mdha,333
1bdma,318
1ceqa,305
1a5z,312
1jatb,132
1j7da,140
1j7db,149
1jata,152
1qcqa,148
1fzya,149
2ucz,164
1u9b,159
2e2c,156
1i7ka,146
2aak,150
1ayza,153
1c4zd,144
1aa2,108
1bhda,108
1aoa1,131
1aoa2,116
1vtmp,158
2tmvp,154
1rmva,156
1cgme,160
1dtwb,326
1qs0b,328
1trka,343
1whi,122
1jj2j,132
1h6ka,220
1hu3a,196
1g63a,164
1e20a,185
1io2a,213
1i39a,200
1ekea,219
1foha,448
1pbe,391
1jkia,525
1gr0a,328
1tf4b,460
1clc,441
1dqea,137
1c3za,108
1czda1,110
1b77a1,110
1czda2,118
1b77a2,118
1bxka,342
1udc,338
1bwsa,314
1db3a,337
1dvga,212
1n45a,214
1bbl,37
2pdd,43
1ahsa,126
1bvp1,134
1nueA,151
1ndlA,152
1ndpA,150
1nlkR,143
1lba,146
1j3ga,187
2sli,483
1eur,361
3sil,379
1kit,368
1g61a,225
1g62a,224
1cela,433
1eg1a,370
2ovwa,397
2a39a,397
1opc,99
1qqia,104
2sfa,191
2sga,181
3sgbe,185
1hpga,187
2alp,198
1df4a,57
1qcea,123
1ez3a,124
1fioa,190
1acf,125
2acg,125
1ypra,125
1a0k,130
1awia,138
1tpn,50
1fbr1,46
1fbr2,47
1ytia,99
1ivpa,99
1difa,99
1fiva,113
1baia,124
2fmb,104
1ncan,389
2bat,388
1nsba,390
1elpa,173
1a45,173
1a5da,173
4gcr,174
2bb2,181
1prs,173
1bd7a,176
1kxra,132
1kful,145
1bxe,108
1jj2q,150
1hna,217
5gsta,217
1gsua,217
1gta,218
2fhea,216
1fhe,214
2gsra,207
1glpa,209
17gsa,210
1guha,221
1guka,215
1gula,217
1gtua,217
3gtub,224
1jaca,133
1jota,133
1efya,135
1gs0a,128
2hqi,72
2aw0,72
1cpza,68
2mata,262
1xgsa,295
1az9,266
1chma,246
1ehaa,90
1bf2,162
1fvl,70
1n4ya,68
2ech,49
1ig3a,254
1ig0a,317
1psca,329
1bf6a,291
1efca,97
1eft,93
1d2ea,103
1seia,130
1an7a,136
1cb5a,453
1gcb,452
1onea,436
1pdz,433
1d9xa,181
1c4oa,174
1hv8a,151
1fuka,157
1heia,155
1n97a,385
1jpza,456
1dt6a,449
1gwia,402
1jipa,403
1lfka,375
1jfba,399
1io7a,366
1cpt,412
1n40a,394
1qmqa,406
1e9xa,449
1ehaa,557
1bf2,750
1c1aa,56
1ihva,52
1dzfa,72
1eika,77
1kora,380
1k92a,444
1g19a,60
2reb,60
1ig3a,169
1ig0a,221
1i19a,217
1f0xa,265
1diia,236
1vaoa,263
1hyoa,298
1gtta,202
1j93a,343
1uroa,357
2lbp,346
2liv,344
1dqia,124
1dfx,89
1k25a,326
1qmea,357
1ptq,50
1tbo,66
1far,52
1evia,340
1c0pa,363
1jaga,229
1j90a,195
1c9fa,87
1d4ba,122
1phnb,172
1cpcb,172
1liab,177
1b8db,177
1allb,161
1alla,160
1b33a,160
1phna,162
1cpca,162
1liaa,164
1b8da,164
1qgwc,170
1wgta1,42
1wgta3,43
1wgta2,43
1wgta4,42
1hev,43
2spca,108
1aj3,98
1crka,380
2crk,365
1bg0,356
1h83a,112
1f8sa,113
1elka,153
1dvpa,145
1doqa,69
1coo,81
1gotb,339
1erja,350
1ig3a,85
1ig0a,96
1gqia,708
1k9da,670
1tnt,76
1qpma,69
1fjna,39
1ica,40
2aaib,262
1abrb,267
2bn2a,85
1l5da,92
1csh,435
1aj8a,371
1a59,377
1j98a,153
1j6xa,145
1j6wa,155
1inna,146
1knb,186
1qhva,195
1noba,185
1nyud,59
1nysb,85
3bmpa,106
1lxia,104
2tgi,112
1tgj,112
1klda,112
1agqa,91
1dqra,555
2pgi,442
1toaa,277
1psza,286
1k4ga,372
1iq8a,335
1jssa,199
1em2a,211
1f8ma,427
1dqua,513
1kuta,209
1a48,298
1f3ta,230
7odca,229
1iab,200
1iaf,198
1bgxt,285
1xo1a,245
1bcsa,409
1cpy,421
1ac5,483
1cd3g,175
1gff2,177
1f7ua,606
1iq0a,588
4tms,316
3tms,264
1tis,286
2tsra,281
1bkpa,278
1igra1,149
1igra2,172
1gz0a,158
1ipaa,158
1cf1a,373
1g4ma,356
1qtqa,331
1gln,321
1skf,262
1hd8a,243
1ako,268
1bix,275
1ile,189
1qu2a,194
1bt3a,291
1js8a,267
1avha,318
2ran,316
1ala,316
1aeia,315
1axn,323
1ann,315
1b4ka,326
1aw5,321
1f3ma,70
1ej5a,70
1huma,69
1b3aa,67
2eot,74
1plfa,63
1rhpa,64
1tvxa,64
1mgsa,73
1mi2a,73
1roda,72
1il8a,71
1sdf,67
1k25a,58
1qmea,58
2mjpa,184
1k7ka,205
1c4qa,69
2bosa,68
1phza,97
1psda,84
1kmma,287
1adja,324
1srya,311
1qf6a,291
1atia,326
1cbja,151
1mfma,153
1xsoa,150
1srda,154
1eso,154
2apsa,155
1bzoa,151
1be9a,102
1pdr,96
1qava,90
1qaua,89
1i16,94
1kwaa,87
1d0ba,207
1a9na,162
1msfc1,55
1a5j1,55
1msfc2,50
1a5j2,55
1ba5,53
1ksaa,357
4bcl,350
2ach,373
1qlpa,372
1atha,383
1atta,385
1hle,376
1ovaa,385
1a7ca,365
1sek,376
1poia,317
1k6da,217
1dtoa,200
1qqha,144
1utg,70
1ccd,77
1ctn,109
1b4ra,80
1bo4a,136
1cm0a,162
1ygha,164
1qsta,160
1b87a,181
1cjwa,166
1qopa,265
1geqa,241
1b09a,206
1saca,204
1fa0b,161
1fa0a,160
1f5aa,114
1dlwa,116
1dlya,121
1k20a,121
1i74a,120
1k23a,118
1llwa,268
1ea0a,270
1ed9a,449
1ew2a,479
6paxa,133
1pdnc,123
1dfna,30
1bnb,38
1ipia,114
1hh1a,125
1xbra,184
1h6fa,184
1ju3a,223
1lnsa,213
1bcpc,196
1bcpb,197
1kbt,60
2crt,60
2cdx,60
1cdta,60
1tgxa,60
1kxia,62
1tfs,60
1drs,59
1txb,73
2ctx,71
1ntn,72
1lsi,66
2abxa,74
2nbta,66
1nean,61
1nor,61
1cod,62
1nxb,62
1ntx,60
1fas,61
4tsva,147
2tnfa,148
1d4vb,163
1tnra,144
1aly,146
1ipd,345
1a05a,357
2ayqa,356
1cnza,363
3icd,414
1beha,184
1qoua,154
1jcla,252
1o0ya,251
1n1ba,516
5eau,523
2scub,385
1eudb,393
1euu,142
1gof,150
1d5ya,119
1bl0a,116
1wyka,152
1vcpa,149
1efpb,246
1efvb,252
4dpvz,559
1mvma,549
1nzya,269
2duba,255
1dcia,275
2kauc,566
1ubpc,569
1edqa,358
1e15a,356
1d2ka,330
1e9la,301
1atna,372
3hsc,382
1hjoa,380
1dkgd,378
1etpa,190
1fcdc,174
1wpoa,204
1at3a,217
1vzv,211
1cfi,35
1whf,34
1danl,36
2pf2,55
1mrob,442
1e6vb,436
1e6yb,432
1bf2,588
1ehaa,467
1hx0a,495
1smd,495
1jae,470
1g94a,448
1bag,425
1smaa,465
1bvza,465
1uok,558
2aaa,476
7taa,476
1cgt,494
1d3ca,496
1ciu,495
1cyg,491
1qhpa,495
1hvxa,483
1vjs,469
1gcya,415
1avaa,403
1g5aa,552
1gjwa,569
1pysa,254
1pysb,193
1deaa,266
1ne7a,281
1wjda,55
1e0ea,46
1ewqa,212
1e3ma,214
1ar5a,201
1idsa,198
3mdsa,203
1n0ja,198
3sdpa,186
1isaa,192
1mmma,205
1sssa,205
1cb8a,100
1egua,78
1f3vb,147
1flka,155
1eexg,137
1iwpg,138
1qgha,150
1dpsa,159
2ts1,317
1d2ra,326
1erp,38
1erd,40
2erl,40
1mhu,31
1mrb,31
1mrt,31
1g28a,104
1byw,110
1bkja,230
1vfra,217
1nox,200
1i5hw,50
1pina,34
1e0la,37
1eg4a,38
1cd3f,426
1gff1,417
1kbla,872
1h6za,898
1hc1,637
1lla,605
1ih5a,224
1fx8a,254
1a7w,68
1b67a,68
1lfda,87
1rlf,90
1pama,686
1d3ca,686
1cgt,684
1ciu,683
1cyg,680
1qhpa,686
1fo3a,455
1dl2a,510
1jj2m,186
1ilya,90
4pah,308
1toh,325
1ct9a,305
1jgta,291
1gcn,29
1bh0,29
1f8ga,194
1pjca,193
1hcra,52
1ret,43
1tc3c,51
1kija,384
1ei1a,391
1laja,174
1f15a,157
1hdgo,332
1gd1o,334
1cero,331
1gypa,358
1ggao,358
3gpdr,334
1gpdg,333
1gado,330
1bhp,45
2plh,45
1cbn,48
1g41a,334
1e94e,408
1e32a,268
1d2na,246
1hy5a,115
1g4wr,98
1he1a,135
1octc,71
1au7a,71
1pii1,255
1pii2,197
1nsj,205
1ak5,329
1b3oa,304
1zrn,220
1aq6a,245
1cch,82
1cor,81
351c,82
1cc5,83
1a8c,81
1ayg,80
1npc,317
8tlne,319
1ezm,298
1bqba,301
1p3ha,99
1aono,97
1rl2a,133
1jj2a,142
1jmva,140
1mjha,143
1ih7a,538
1qhta,363
1axia,175
1huw,166
1awcb,123
1iknd,130
1ycsb,129
1vin,252
1bu2a,229
1jkw,277
1sro,76
1ah9,71
1smpi,100
1jiwi,105
1bp11,217
1bp12,239
1ao0a,455
1ecfa,492
1gdoa,238
1dxia,388
1xyaa,386
6xia,387
1xima,392
4xiaa,393
1bxba,387
1i6aa,212
1al3,237
1bpya,187
1jqra,174
1fngb,213
1fv1b,190
1iakb,185
1hdmb,183
1mtyg,162
1mhyg,167
1jj2k,145
1jj2n,115
1boo,282
1eg2a,270
2bbva,324
1nova,329
1ekga,119
1ew4a,106
2mhr,118
2hmqa,114
1amk,250
5tima,249
1htia,248
1tima,247
1ypia,247
1trea,255
1ydva,246
1aw2a,255
2btma,250
1tcda,248
1ee0a,375
1i88a,388
1mzja,334
1hzpa,334
1ub7a,320
1hnja,317
1e2ta,274
1gx3a,276
1hkca1,449
1hkca2,450
1bdg,444
1mj4a,79
1soxa,90
1euea,86
1cyo,88
1cxya,81
1kbia,92
1edn,21
1srb,21
1a9xa1,127
1a9xa2,121
1dv1a,113
1gsoa,102
1aky,218
1akea,214
1zin,217
1zaka,220
2ak3a,226
3adk,194
1uky,196
1uke,193
1gky,186
1dp0a1,114
1dp0a2,105
1bhga,103
1qdlb,195
1gpma,205
1a9xb,227
1cs0a,138
1b93a,148
1c0aa,133
1g51a,120
2ins,51
4ins,52
2gf1,70
1igl,67
1bom,48
6rlx,51
2vsga,358
1vsga,362
3pmga,117
1kfqa,120
1mof,53
1mg1a,85
1eudb,147
2scub,147
2scud,164
1qqfa,276
1c3d,294
1ajsa,412
2csta,411
1yaaa,412
1ama,401
1ay8a,394
1ars,396
3tata,397
1b8ga,422
1bjwa,382
1bw0a,412
1j5ua,125
1jw3a,140
6fabhv,126
1faihv,129
1jhlhv,116
3hflhv,115
1bbdhv,123
1ncahv,125
1mamhv,124
1mcphv,127
4fabhv,123
8fabhv,126
2fb4hv,126
1dfbhv,131
1igmhv,129
1hilhv,125
1igfhv,124
2fbjhv,123
3hfmhv,118
1bafhv,120
1fdlhv,121
7fabhv,122
1bvkb,116
1br9,182
1ueab,181
1i0ra,161
1ejea,192
1lfaa,183
1ido,184
1atza,184
1auq,208
1aoxa,201
2cnd,260
1ndh,270
1que,303
1qfza,308
1fdr,244
1a8p,257
1qfja,226
1a35a,217
1ois,220
3pmga,141
1kfqa,129
1vcaa,95
1tit,89
1tlk,103
1nct,98
1wit,93
2ncm,99
1zxq,93
1itbb2,102
1itbb3,110
1xtca,192
1ltsa,185
1tiia,186
1tuba,440
1tubb,427
1edha1,97
1edha2,114
1ncia,102
1f7ua,134
1iq0a,95
1csn,293
1ckia,293
1a06,281
1phk,277
1cdka,343
1koa,350
1koba,353
1tkia,321
1jnk,348
1p38,351
3erk,350
1hcl,295
1blxa,305
1lr4a,327
1b6cb,326
1dmga,172
1jj2c,246
1qpoa,284
1qapa,289
1auoa,218
1fj2a,229
1flv,168
1ofv,169
1ag9a,175
2fcr,173
1akr,147
5nll,138
1k77a,256
1i60a,272
1qtwa,285
1dgta,314
1b04a,310
1hrza,73
1nhn,79
1ckta,71
1hma,73
2lefa,86
1oela,251
1a6da,245
1xwl,580
3ktqa,539
2kfza,601
1t7pa,662
1e0ca1,135
1rhs1,149
1c25,161
1qb0a,177
1e0ca2,135
1rhs2,143
1zwg,34
1bzg,34
3htsb,82
1hkt,106
1gdha,320
2naca,374
1rypb,250
1pmaa,221
1rypg,244
1rype,242
1rypf,233
1rypc,244
1rypd,241
1rypa,243
1pma1,203
1ryph,205
1rypl,212
1rypi,222
1rypk,198
1neda,180
1ryp1,222
1rypj,204
1ryp2,233
1f4na,59
1rpo,61
1l1ya,642
1fce,629
1fjge,68
1pkp,74
1apf,49
1ahl,49
1atx,46
1sh1,48
1bds,43
1bcpc,110
1bcpb,110
1dwma,69
1tin,68
1lw6i,63
1csei,63
1a4ia,285
1b0aa,287
1ejda,418
1g6sa,427
2dri,271
1abe,305
1gca,309
1rpja,288
1gz0a,235
1ipaa,258
1vsd,146
1biza,147
1qpaa,343
1lgaa,343
1mn2,357
1arp,336
2cyp,293
1kbla,364
1h6za,371
2oata,404
1d7ua,431
1dtya,429
1gtxa,462
1h72c,163
1fi4a,185
1a4sa,503
1bxsa,494
1ag8a,493
1ad3a,446
1qjva,342
1gq8a,318
1eo1a,124
1o13a,105
1b25a,611
1aora,605
1g72b,57
1h4ib,73
1f52a,468
1htqa,477
2cdv,107
2cym,107
1wad,111
3cyr,107
2cy3,118
1aqe,110
2hpaa,342
1rpt,342
1ihp,434
1h4xa,110
1buz,116
1otfa,59
1bjpa,62
4cln,148
3cln,143
5tnc,161
1tn4,157
1aj4,160
1br1b,148
2scpa,174
2sas,185
1hssa,111
1bea,116
1b1u,117
1cf1a,200
1g4ma,183
1cwva3,94
1cwva1,96
1cwva2,103
1bg1a,558
1bf5a,544
1dro,122
1btn,106
1pls,113
1fgya,125
1faoa,100
1qqga,103
1bak,119
1dyna,113
1dbha,128
1b55a,163
1mai,119
1fhoa,119
1foea,160
2cav,346
2phla,360
1mhla,570
1cqea,510
1ig4a,75
1qk9a,92
2ltn,228
1len,228
1lgc,231
1loe,227
1lte,239
2pela,232
5cna,238
1lec,242
1sbf,234
1wbla,237
1avba,226
1lu1,253
1jo0a,97
1ln4a,98
3pcgm,233
3pcga,200
1g9la,61
1i2ta,61
1yea,112
1ycc,108
2pcbb,104
5cytr,103
1ccr,111
1cry,107
1hroa,105
1cxc,124
1c2ra,116
155c,121
2c2c,112
1ja0a,272
1f20a,270
1mspa,124
1grwa,124
1h83a,459
1f8sa,482
1r69,63
2cro,65
1adr,76
1lmb3,87
1bp2,123
1p2p,124
1poba,118
1ae7,119
1buna,120
1vip,121
1vpi,122
1aokb,122
1psj,124
1vapa,123
1pp2r,122
1jiaa,122
1a2aa,122
1cl5a,121
1clpa,121
1goda,121
1ppa,121
1bbc,124
1bif,213
1k6ma,213
1feha,389
1hfel,396
1im4a,205
1jx4a,200
1ccva,56
1ate,62
1eaic,61
1coua,85
1cld,33
1d66a,41
2hapc,45
1jeya,493
1jeyb,530
1evua,707
1g0da,666
2gar,188
1fmta,200
1ct9a,497
1jgta,490
1mdya,68
1an4a,65
1hloa,80
1am9a,80
1a0aa,63
2ilk,155
1vlk,142
1fa0a,509
1f5aa,455
1h2wa,280
1n1ma,257
1gai,472
1ayx,492
1dqza,280
1f0na,284
1qi9a,555
1qhba,595
1gjha,164
1maz,143
1f16a,192
1fgs,282
1uag,194
1qc6a,104
1evha,111
1aoza,552
1a65a,504
1ald,363
1fbaa,360
1a5ca,342
2af8,86
1acp,77
1utea,302
1qhwa,300
4kbpa,312
1jn1a,157
1gx1a,153
1iv3a,150
1cr8a,42
1ajj,37
1ldl,46
1ldr,41
1hpi,71
2hipa,71
1ckua,85
1isua,62
3hipa,82
2occa,514
1ar1a,529
1gnla,543
1gnta,553
1ctl,85
1qli,59
1a7i,60
1b8ta1,69
1iml,76
1eq8a,23
1dxza,27
1e6vb,183
1mrob,187
1e6yb,184
1esl,120
1rdo1,111
1msba,115
1tn3,137
2afp,129
1qdda,144
1ixxa,129
1ixxb,123
1hoca,178
2vaba,178
3hlaa,178
2hlaa,178
1hsaa,178
1iqca,158
1eb7a,153
1f8ga,368
1pjca,361
1d7qa,82
1jt8a,83
1luca,326
1lucb,320
1fvpb1,231
1nfp1,228
1jfla1,115
1b74a1,105
1jfla2,111
1b74a2,108
1esma,305
1a7j,279
1noa,113
2mcm,112
1acx,108
1akp,114
1bdo,80
1lac,80
1ghk,79
1iyv,79
1pmr,80
1qjoa,80
1fyc,106
1aaza,87
1ego,85
1thx,108
2trxa,108
3trx,105
3grx,82
1akz,223
1udg,228
1uuga,222
1dd5a,184
1eh1a,185
1ek8a,185
1ge9a,184
1ulo,152
1cx1a,153
1jj2e1,79
1rl6a1,75
1jj2e2,93
1rl6a2,89
1b9la,119
1dhn,121
1avk,620
1a2va,654
1spua,633
1ksia,641
1fsha,94
1o7fa,94
1kkoa,242
1kd0a,240
1pama,104
1d3ca,103
1cgt,105
1ciu,105
1cyg,106
1qhpa,110
1kum,108
1cqya,99
1f52a,368
1htqa,374
1jlja,169
1eava,153
1di6a,183
1g8la,150
1aoqa,551
1nira,538
1h7sa,125
1b63a,115
1kkoa,401
1kd0a,396
1a31a,241
1a41,221
1jp3a,210
1f75a,217
1yge,839
1byt,836
2masa,313
1ezra,312
1aoha,143
1anu,138
1opy,123
8cho,125
3csua,290
2otca,333
1orta,335
1a1s,313
1otha,321
1gc5a,467
1l2la,432
1tfi,50
1qyp,57
1vom,730
1b7ta,766
1chka,238
1qgia,259
1l58,164
1k28a,173
1qtsa,247
1e42a,233
1efdn,262
1n2za,245
1dhfa,182
8dfr,186
4dfra,159
3dfr,162
1c9oa,66
1csp,67
1mjc,69
2nlla,66
1hra,80
2nllb,78
1hcp,75
1lata,71
1qtsa,133
1e42a,120
1c96a,447
1l5ja,443
1rvva,154
1c2ya,155
1ejba,168
1c41a,165
1di0a,148
1gkea,120
2pabb,114
1tfpa,114
1frpa,321
1ftaa,320
1spia,334
1bk4a,315
1llwa,785
1ea0a,761
1qsda,102
1h7ca,99
1rgs,119
1cgpa,128
1hml,123
1alc,122
1hfya,120
1hfx,123
1ghla,130
1lzt,129
1lz3,129
1hhl,129
1lmn,129
1lz1,130
1jug,125
2eql,129
1cz5a,90
1e32a,86
1svfa,64
1svfb,38
1cola,197
1a87,201
1cii,185
1gyta,179
1lam,159
1dgja,713
1hlra,714
1fo4a,796
1jrob,759
1ffvb,795
1n62b,804
1bgyd,241
1ezvd,245
1b1ya,500
1byb,490
1b9za,418
1rie,127
1rfs,127
1ax4a,464
1tpla,426
2if1,87
1d1ra,83
1shka,158
1kaga,158
1ejha,180
1ap8,213
1bx4a,342
1rkd,306
1apyb,141
1ayyb,143
1rl2a,69
1jj2a,68
1bj51,195
1bj52,192
1bj53,195
1e3aa,818
1fm2a,659
1prc,856
1aij,830
1pina,119
1eq3a,96
1iow,96
1ehia,132
1h7ea,245
1ezia,211
1bcce,69
1bgye,75
1ezve,65
1dpga,195
1qkia,190
1f81a,87
1l8ca,95
1mxb,377
1qm4a,368
1d9ya,309
1mrp,309
1anf,369
1jxpa,189
1a1rb,200
1wab,212
1fxwf,212
1mroa,543
1e6va,545
1e6ya,564
2abd,86
1hbka,89
1hlca,129
1slta,133
1gana,134
3gala,134
1a3k,137
1c9sa,69
1wapa,68
1bxni,129
1bwvs,138
8ruci,123
1burs,123
3rubs,123
1gk8i,125
1rblm,109
1ubq,76
1ndda,74
1bt0a,73
2nipa,286
1cp2a,269
1dpga,485
1qkia,487
1fbxa,221
1fb1a,196
1fvka,188
1bed,181
3cla,213
1e2o,232
1eaf,244
1b5sa,242
1wod,231
1atg,231
1h8ca,82
1i42a,89
1zaa1,31
1zaa2,28
1zaa3,26
1ard,29
1znf,25
2drp2,29
3znf,30
5znf,30
1bboN,27
2drp1,34
1paa,30
1sp1,29
1sp2,31
1zfd,32
1znm,26
1vih,71
1khma,89
1dtwb,188
1qs0b,195
1trka,197
1a6f,113
1d6ta,117
1trka,335
1l8aa,404
1hx0a,402
1smd,402
1jae,377
1g94a,354
1bag,347
1smaa,382
1bvza,382
1uok,479
2aaa,381
7taa,381
1cgt,406
1d3ca,406
1ciu,406
1cyg,402
1qhpa,407
1hvxa,393
1vjs,380
1gcya,354
1avaa,346
1ehaa,400
1bf2,475
1g5aa,478
1gjwa,505
1bqfa,25
1b5na,23
1hrla,23
1evua,149
1g0da,135
1ff3a,210
1fvga,189
1iqca,150
1eb7a,164
1n1ba,201
5eau,200
2pgd,473
1pgjb,478
1gyta,324
1lam,325
1qr6a,248
1llqa,294
1xxaa,71
1b4ba,71
1afwa,390
1kas,411
1es7b,83
1btea,92
1bgyd,195
1ezvd,198
1rds,105
1fus,105
1bu4,104
1pbk,116
1rot,118
1fkb,107
1yat,113
1b43a,120
1a77,108
2irfg,109
1if1a,105
1mpya,307
1han,287
1dhy,278
1kvva,104
1jida,114
1pfc,99
1fc1ac1,104
1fc1ac2,98
1mamhc,93
4fabhc,93
3hflhc,92
2fb4hc,98
1dfblc,102
2fbjlc,102
2fb4lc,100
2fbjhc,97
1cqka,101
1q0na,158
1cbka,160
1bina,143
1lh1,153
1hlm,158
1hlb,157
2mm1,153
1pmba,153
1ymb,153
1mbs,153
1emy,153
1lht,153
1myt,146
2pghb,146
2hhbb,146
1hdab,145
2mhbb,146
1hdsb,145
1fdhg,146
1spgb,147
1hbhb,146
1outb,146
1spga,143
1pbxa,142
1hdaa,141
2hhba,141
2mhba,141
2pgha,141
1hdsa,141
1outa,142
2lhb,149
2hbg,147
3sdha,145
1mba,146
1itha,141
1ecd,136
1a4fa,141
1a4fb,146
1a9we,145
1hbra,141
1a6m,151
1cg5a,141
1cg5b,141
1li1a,228
1li1c,224
2ffha,100
1qb2a,106
1b6g,308
1cqwa,295
1ehya,282
1cr6a,317
1a8s,273
1a88a,275
1a8q,274
1brt,277
1c4xa,281
1dpga,290
1qkia,297
2dtr,61
1fx7a,64
1xbl,75
1hdj,77
1i7bb,311
1mhmb,307
1jdw,360
1bwda,348
2bbkl,125
1mdal,121
1cvl,316
4lipd,319
1qgxa,354
2hhma,272
1inp,400
3cd42,80
1cid2,72
1asza,490
1lyla,483
1b8aa,438
1lfo,126
1eioa,127
3ifba,131
1ifc,131
1bwya,132
1hmt,131
1fdqa,131
1pmpa,131
1lif,131
1b56,133
1ftpa,133
1cbia,136
1cbs,137
1crb,134
1opba,133
1ggla,134
1mdc,131
1bhga,304
1bgla,292
1fnga,182
1fv1a,179
1iaka,182
1hdma,184
1cf1a,173
1g4ma,173
2kaub,101
1ubpb,122
1qnta,166
1sfe,165
1mgta,169
1qu5a,182
1g6ga,127
1nmta,392
2nmta,422
1bndb,108
1bet,107
1bnda,109
1b98m,114
1hcnb,110
1fl7b,107
1cr5a,178
1qcsa,190
1kao,167
1guaa,167
5p21,166
1mh1,183
1ftn,177
1etu,178
1a4ra,190
1zbda,176
1cy9a,245
1i7da,272
1fnf2,91
1fnf3,89
1fnf1,94
1fnf4,94
1ten,89
1cfb1,100
1cto,109
1ebpa2,102
3hhrb2,104
1boy2,107
1boy1,104
1cfb2,105
1ebpa1,97
3hhrb1,91
1eo6a,116
1gnua,117
1gqpa,180
1jhja,161
1a3h,300
1egza,291
1bqca,302
1edg,380
1ceo,332
1ecea,358
1hvxa,90
1vjs,89
2aaa,95
7taa,95
1gjwa,64
1smaa,83
1uok,79
1g5aa,74
1bvza,83
1ciu,89
1qhpa,88
1pama,90
1d3ca,90
1cgt,88
1cyg,89
1bag,78
1smd,93
1hx0a,93
1jae,93
1g94a,94
1avaa,57
1mtyd,512
1mhyd,510
1mabb,477
1maba,501
1skye,470
1skyb,479
1h7sa,317
1b63a,333
1df6a,30
1bh4,30
1k48a,29
1bg2,323
2kina,338
3kar,323
2ncda,358
1fs1b,116
1vcbb,88
1chc,59
1bor,56
1rmd,61
2eiaa,130
1ak4c,145
1flia,98
2stwa,96
1puee,88
1bc8c,93
1bcfa,157
1jgca,160
1c44a,123
1ikta,115
1kapp,470
1sat,468
1a17,159
1elwa,117
1elra,128
1e96b,185
1fcha,186
1ihga,145
1dp0a,207
1bhga,204
1tum,129
1f3ya,165
1j54a,174
1fxxa,190
1b43a,339
1a77,315
1kgsa,115
1b00a,122
1dz3a,108
1nat,119
1tmy,118
1a2oa,133
1qkka,121
1ntr,120
1dbwa,123
1jbea,126
1a04a,124
1i3ca,142
1dcf,122
1dlc,584
1ciy,577
1eyva,131
1ey1a,139
1hsta,74
1ghc,75
1qsaa,168
154l,185
1fv1b,92
1d5zb,92
1a6ab,88
1fngb,83
1es0b,87
1iakb,87
2iadb,89
1hdmb,85
2iada,56
1iaka,82
1fnga,82
1fv1a,79
1hdma,81
1qa6a,67
1mmsa,70
1cfe,135
1qnxa,209
1dnla,195
1ci0a,205
1ef1a,83
1gc7a,87
1gg3a,81
1ef1a,96
1gg3a,92
1d5va,94
2hfh,93
1e17a,90
2eifa,133
1bkb,132
1cjma,223
1aqua,281
1efha,281
1fmja,342
1nsta,282
1jsg,111
1a1x,106
3mina,468
1qh8a,478
1mioa,525
3minb,491
1qh8b,519
1miob,457
1kpka,450
1kpla,430
1i50f,84
1qkla,127
1epwa,530
3btaa,528
1iala,427
1bk5b,422
3bct,444
1mvha,269
1ml9a,250
5pnt,157
1dg9a,157
1d1qa,159
1ixda,104
1lpla,95
1a99a,341
1pot,322
1fepa,669
1by5a,697
1jb0e,69
1qp3a,70
1psf,69
1quza,34
2pta,35
1qkya,38
1txm,34
2bmt,36
1big,36
1mtx,39
1sxm,39
1agt,38
2ktx,38
1bkt,37
1sco,38
1hp2a,37
1lgla,36
1tsk,35
1c56a,40
1cmr,31
1scy,31
1pnh,31
1sis,35
1chl,36
1cp3a,232
1bmq,255
1g19a,251
2reb,243
1pvl,298
3lkfa,292
7ahla,293
1kija,172
1ei1a,172
3rdn,73
1msi,66
1ops,64
1lci,519
1amua,509
2tpra,482
1ndaa,481
3grs,461
1gera,448
1ojt,482
1ebda,455
3lada,472
1lpfa,472
1lvl,458
1npx,447
1trb,316
1bgya,446
1bgyb,419
1fjge,150
1pkp,145
1bjt,469
1ab4,477
1wer,324
1nf1a,259
1rsy,126
1a25a,132
1djxa,132
1vna,65
2sn3,65
2b3ca,64
1cn2,66
1aho,64
1lqq,64
1nrb,63
1bmr,67
1ijxa,125
1ijya,122
1unaa,122
1msc,129
1frsa,129
1qbea,123
2mbr,142
1hska,109
1kzla2,109
1i8da2,113
1kzla1,93
1i8da1,93
1jj2f,119
1e7ka,125
1cn9a,104
2cyha,164
1cyna,178
2rmca,182
1clh,166
1lopa,164
1a58,177
1diia,515
1vaoa,550
1f0xa,502
1i19a,541
1nbaa,236
1yaca,204
1b7yb,113
1gd7a,109
1fl0a,106
1k5db,146
1rrpb,134
1aie,31
1a1ua,29
1hx1b,112
1i6za,135
1rbla,139
1gk8a,140
1bxna,128
1bwva,142
1geha,124
5ruba,123
2fn2,59
1pdc,45
1e79g,263
1fs0g,219
1cz5a,185
1e32a,177
1kful,209
1kxra,188
1onra,316
1f05a,322
1cuk,190
1bvsf,182
1eexb,178
1iwpb,184
1i1qa,512
1i7qa,517
1qdla,415
1qba,137
1hp5a,143
1oyc,399
2tmda,340
2pola2,122
2pola1,122
2pola3,122
1lyqa,101
1m42a,102
1as8a,336
1bq5,333
1nif,333
1cmxa,214
1uch,206
1mrob,255
1e6vb,253
1e6yb,248
1pdkb,149
1qunb,121
1d09b,153
2atcb,152
1iq4a,179
1jj2d,140
1vrta,232
1mml,251
1ril,147
1rnh,151
1hrha,126
1dosa,358
1gvfa,273
1jq5a,366
1kq3a,364
1k4ia,216
1g57a,205
1g8fa,510
1i2da,572
1kful,354
1kxra,320
1bxda,161
1b3qa,175
1tme,770
2mev,809
1bbt,667
1r1a,796
4rhv,807
2plv,859
1dj3a,432
1dj2a,429
1qf5a,431
3cox,501
1b4va,498
1cf3a,581
1gpea,587
1ju3a,570
1lnsa,599
1qo2a,238
1thfd,253
1m0wa,374
2hgsa,370
1d0ia,150
2dhqa,136
1ofga,162
1gcua,118
1voka,192
1ytba,180
1cdwa,179
1aisa,181
1lria,98
1ljpa,98
1gk8a,324
8ruca,327
1rbla,328
1bxna,317
1bwva,329
1geha,303
5ruba,313
1ycqa,88
1ycra,85
1bjoa,360
1bt4a,361
1tie,167
1wba,171
1avwb,173
1avac,181
4wbca,179
1gz0a,77
1ipaa,100
1e91a,85
1g1eb,89
1lqc,55
1qpza,57
1uxd,59
1aoic,96
1aoia,77
1aoid,75
1aoib,83
1f3ta,378
7odca,387
1k25a,61
1qmea,61
1umua,103
1f39a,101
1frfs,261
2frva,261
1e3da,262
1h2rs,267
1cc1s,275
1eqfa1,139
1eqfa2,128
1f68a,103
1e6ia,110
1fipa,73
1ntca,91
1ah6,213
1yer,207
1mroc,247
1e6vc,248
1e6yc,246
1cb1,78
4icb,76
1cnpa,90
1mho,88
1a4pa,92
1psra,100
1evua,318
1g0da,321
1bl0a2,62
1d5ya2,65
1bl0a1,54
1d5ya1,54
1c8ca,64
1azpa,66
1r1ba,56
1fyja,57
1maha,534
2ace,528
1clea,534
1trh,534
1thg,543
2bce,534
1exja,118
1jbga,106
1kpha,283
1kpia,291
1jqka,610
1jjya,633
1hfh2,57
1hfh1,63
1vvd2,60
1vvd1,58
1ad1a,264
1ajz,282
1h83a,347
1f8sa,369
1dbta,237
1dqwa,267
1d0na2,127
1d0na1,121
1svr,94
1yagg,125
2vil,126
1f0ka,351
1iira,382
1pca,94
1pyta,94
1aye,94
1nsa,89
1a3qa,285
1nfka,312
3seb,238
1ste,237
1bxta,222
1esfa,229
1an8,206
3tss,190
1ecpa,237
1pbn,289
1ula,289
1uaaa,636
1pjr,623
3pmga,561
1kfqa,571
1kit1,192
1kit2,197
1lm0a,101
1liza,114
1d06a,130
1drma,119
3pyp,125
1qtsa,114
1e42a,113
1apa,261
1qcia,262
1abra,251
1fmp,267
1mrj,247
1mrg,246
1cf5a,249
1fa0a,349
1f5aa,341
1kild,66
1l4ad,75
5daaa,277
1a3ga,295
1lm7a,238
1lm5a,189
1gfla,229
1ggxa,216
1gpb,823
1ygpa,861
1ahpa,796
1bhta,92
1hkya,86
1d2ka,62
1edqa,73
1e9la,71
1e15a,88
1edl,56
1deeg,51
1fc2c,43
1dyka1,189
1dyka2,185
1d2sa,170
1c4ra,180
1l1ca,55
1auua,55
1ewqa,116
1e3ma,111
1cb8a,310
1egua,368
2chr,370
1muca,361
2mnr,357
1cmza,128
1agre,128
1fqia,133
1dk8a,147
1aun,208
1du5a,206
1thw,207
7rsa,124
1bsr,125
1rra,124
1b1ia,122
1agi,125
1bc4,110
1a3aa,145
1a6ja,150
2mrb,31
2mhu,30
2mrt,30
1ofga,160
1gcua,128
1jeta,517
1dpe,507
1b0ua,257
1f3oa,225
1g291,240
1g6ha,254
1f2ua,294
1e69a,263
1dcs,279
1bk0,329
1bdfa,226
1i6va,224
1qs0a,395
1dtwa,382
1gifa,115
1mfia,114
1dpta,117
1qpg,415
1php,394
13pka,415
1vpe,398
1f1ma,162
1g5za,164
1tig,88
2ifea,91
1dbh,204
1by1a,209
1noza,346
1clqa,377
1jg8a,342
1b9ia,384
1qu6a2,89
1qu6a1,90
1stu,68
1ju3a,347
1lnsa,386
1pvda,529
1poxa,542
1bfd,523
1zpda,565
1dcja,81
1jdqa,98
1bgyf,106
1ezvf,125
1qr6a,537
1llqa,599
1isia,250
1lbea,250
1tih,53
4sgbi,51
1amp,291
1xjo,272
1cg2a,277
2gnka,95
2pii,112
1ptf,87
2hid,87
1poh,85
1pch,88
1ka5a,88
1skz2,52
1skz1,52
1bx7,51
1ps2,60
2pspa2,49
2pspa1,56
1d09b,100
2atcb,100
1fyha1,125
1d9ca,121
1b7ba,307
1e19a,313
1tafa,68
1tafb,70
1chl,36
1sis,35
1pnh,31
1m2oa,718
1m2vb,748
1bgyg,81
1bccg,78
1ezvg,93
1llwa,422
1ea0a,421
1f0za,66
1fm0d,81
1jsba,70
1g24a,210
1qs1a2,197
1qs1a1,205
1gk8a,464
8ruca,466
1rbla,467
1bxna,445
1bwva,471
1geha,427
5ruba,436
1xika,340
1xsm,288
1r2fa,283
1bbr,260
1ppb,259
1hcga,237
1kigh,241
1fxya,228
2ptn,223
1mcta,223
1trma,223
1a0ja,223
2tbs,222
1ab9,228
1ton,228
2pka,232
1npma,224
1azza,226
3est,240
1a0la,244
1lmwb,248
1a5ia,265
1a5ha,252
1fuja,221
1hnee,218
1a7s,222
3rp2a,224
1klt,226
1dfpa,228
1sgt,223
1czta,160
1d7pm,159
1a7ge,82
1by9,72
2bopa,85
3pfla,759
1b8ba,533
